2.576,-0,0,NaN
2.5802,-0,0,NaN
2.5863,-0,0,NaN
2.5938,-0,0,NaN
2.6016,-0,0,NaN
2.6173,-0,0,NaN
2.6214,-0,0,1.9015e-05
2.629,-0,0,-1.5433e-05
2.6379,-0,0,-2.1891e-06
2.6478,-0,0,-2.1845e-06
2.6519,-0,0,4.8184e-07
2.6614,-0,0,4.7685e-07
2.6685,-0,0,-2.1247e-06
2.6786,-0,0,-2.1129e-06
2.6838,-0,0,-2.1168e-06
2.6934,-0,0,4.7402e-07
2.7038,-0,0,4.7901e-07
2.7108,-0,0,4.8407e-07
2.72,-0,0,3.1756e-06
2.7286,-0,0,3.1902e-06
2.7327,-0,0,5.8802e-06
2.7409,-0,0,1.0259e-05
2.7488,-0,0,1.0144e-05
2.7683,-0,0,1.002e-05
2.7721,-0,0,7.3261e-06
2.7787,-0,0,7.2598e-06
2.7826,-0,0,3.0018e-06
2.7905,-0,0,4.576e-07
2.7986,-0,0,-2.0339e-06
2.8109,-0,0,2.8838e-06
2.829,-0,0,6.7581e-06
2.8382,-0,0,6.593e-06
2.842,-0,0,1.3281e-05
2.8484,-0,0,1.3081e-05
2.8532,-0,0,1.9684e-05
2.8613,-0,0,2.1999e-05
2.8681,-0,0,2.2267e-05
2.8781,-0,0,2.2585e-05
2.882,-0,0,6.1972e-05
2.8888,-0,0,0.00013815
2.8983,-0,0,0.00017854
2.9112,-0,0,0.00021342
2.9208,-0,0,0.00021244
2.9286,-0,0,0.00021311
2.9329,-0,0,0.00021589
2.9382,-0,0,0.00022336
2.9488,-0,0,0.00023072
2.9615,-0,0,0.00023962
2.9688,-0,0,0.00024896
2.9731,-0,0,0.00025765
2.9797,-0,0,0.00025946
2.9888,-0,0,0.00030825
2.9985,-0,0,0.00031387
3.004,-0,0,0.00031234
3.0122,-0,0,0.00031217
3.0239,-0,0,0.00031587
3.0293,-0,0,0.00031972
3.0387,-0,0,0.00031726
3.0487,-0,0,0.00031371
3.0614,-0,0,0.00030333
3.0681,-0,0,0.0002877
3.0736,-0,0,0.00027437
3.0797,-0,0,0.00025816
3.0885,-0,0,0.00024291
3.0988,-0,0,0.00023706
3.112,-0,0,0.00026645
3.1182,-0,0,0.00026155
3.129,-0,0,0.00025826
3.1337,-0,0,0.00025905
3.1406,-0,0,0.00026072
3.1502,-0,0,0.00026314
3.1618,-0,0,0.00026561
3.1685,-0,0,0.00026929
3.1732,-0,0,0.00027856
3.183,-0,0,0.00032481
3.1917,-0,0,0.00033349
3.2001,-0,0,0.00034244
3.2115,-0,0,0.00035827
3.2179,-0,0,0.00037164
3.2288,-0,0,0.00038428
3.2383,-0,0,0.00039483
3.2497,-0,0,0.00040172
3.2616,-0,0,0.00040388
3.2681,-0,0,0.00040058
3.2732,-0,0,0.00039154
3.278,-0,0,0.00037742
3.2881,-0,0,0.00036007
3.2981,-0,0,0.00034216
3.302,-0,0,0.0003266
3.3112,-0,0,0.00031582
3.3186,-0,0,0.00031314
3.3381,-0,0,0.00031392
3.3418,-0,0,0.00032206
3.3489,-0,0,0.00036523
3.3617,-0,0,0.00041046
3.3681,-0,0,0.00041882
3.3723,-0,0,0.00046545
3.3785,-0,0,0.00055165
3.3888,-0,0,0.00055777
3.3932,-0,0,0.00056134
3.4026,-0,0,0.00056299
3.4113,-0,0,0.0006041
3.4178,-0,0,0.00064037
3.4335,-0,0,0.00063829
3.438,-0,0,0.0006416
3.4484,-0,0,0.00064173
3.461,-0,0,0.00063176
3.4707,-0,0,0.00062602
3.4781,-0,0,0.00061467
3.4818,-0,0,0.00060347
3.4889,-0,0,0.00059047
3.4985,-0,0,0.00057547
3.5112,-0,0,0.00056371
3.5178,-0,0,0.00056056
3.5281,-0,0,0.00056514
3.5418,-0,0,0.00058218
3.5479,-0,0,0.00061301
3.5524,-0,0,0.00065646
3.5612,-0,0,0.00066658
3.5684,-0,0,0.00067864
3.5882,-0,0,0.00071626
3.5921,-0,0,0.00074993
3.5982,-0,0,0.00076302
3.602,-0,0,0.00082028
3.6111,-0,0,0.00081301
3.6205,-0,0,0.00080145
3.6279,-0,0,0.00078249
3.6382,-0,0,0.00076586
3.648,-0,0,0.00075444
3.6607,-0,0,0.00074067
3.6675,-0,0,0.00072875
3.6718,-0,0,0.00071632
3.6776,-0,0,0.00070226
3.6877,-0,0,0.00068765
3.6975,-0,0,0.00067499
3.703,-0,0,0.00066694
3.7129,-0,0,0.00066554
3.7185,-0,0,0.00066908
3.7279,-0,0,0.00067879
3.7401,-0,0,0.00064592
3.7476,-0,0,0.00066286
3.7527,-0,0,0.00068084
3.7627,-0,0,0.00069928
3.7714,-0,0,0.0007178
3.7791,-0,0,0.0007922
3.7899,-0,0,0.00081866
3.7976,-0,0,0.00084806
3.811,-0,0,0.00087489
3.8183,-0,0,0.0008987
3.8282,-0,0,0.00091069
3.8331,-0,0,0.00092258
3.8431,-0,0,0.00092387
3.8503,-0,0,0.00091528
3.8605,-0,0,0.0009031
3.8684,-0,0,0.0008918
3.8775,-0,0,0.00088461
3.8875,-0,0,0.000882
3.8977,-0,0,0.00088292
3.9112,-0,0,0.00088651
3.9178,-0,0,0.00089236
3.9221,-0,0,0.00090313
3.928,-0,0,0.00091079
3.9476,-0,0,0.00091635
3.9608,-0,0,0.00097423
3.9679,-0,0,0.00097445
3.9719,-0,0,0.00097321
3.9777,-0,0,0.00097123
3.9878,-0,0,0.00096907
3.9918,-0,0,0.00096638
3.9991,-0,0,0.00096658
4.011,-0,0,0.00095929
4.0178,-0,0,0.00094461
4.0276,-0,0,0.00091884
4.0374,-0,0,0.00088644
4.0483,-0,0,0.0008502
4.053,-0,0,0.00081401
4.0608,-0,0,0.00078229
4.0691,-0,0,0.00075867
4.0776,-0,0,0.00074973
4.0874,-0,0,0.00074759
4.0974,-0,0,0.00075082
4.1013,-0,0,0.00076277
4.1105,-0,0,0.00082517
4.1274,-0,0,0.00085262
4.1606,-0,0,0.00088094
4.1674,-0,0,0.00091406
4.1713,-0,0,0.00094975
4.1774,-0,0,0.00098481
4.1818,-0,0,0.0010161
4.1907,-0,0,0.0010419
4.1976,-0,0,0.0010609
4.2107,-0,0,0.0010718
4.2173,-0,0,0.0010745
4.2211,-0,0,0.0010699
4.2294,-0,0,0.001121
4.2397,-0,0,0.0011047
4.2534,-0,0,0.0010831
4.2606,-0,0,0.0010565
4.2675,-0,0,0.0010267
4.2732,-0,0,0.00099588
4.2792,-0,0,0.00096409
4.2891,-0,0,0.00093012
4.2978,-0,0,0.00089052
4.3109,-0,0,0.00085601
4.3175,-0,0,0.00081498
4.323,-0,0,0.00078101
4.3314,-0,0,0.0007491
4.338,-0,0,0.00072242
4.3607,-0,0,0.00070473
4.3677,-0,0,0.00070151
4.3776,-0,0,0.00071608
4.3816,-0,0,0.00074982
4.3876,-0,0,0.00079986
4.3976,-0,0,0.00086007
4.4104,-0,0,0.00092684
4.4172,-0,0,0.00099103
4.422,-0,0,0.001053
4.4309,-0,0,0.0011138
4.4391,-0,0,0.0011669
4.4476,-0,0,0.0012049
4.461,-0,0,0.0012217
4.4676,-0,0,0.0013936
4.5376,-0,0,0.0013867
4.5417,-0,0,0.0013678
4.5485,-0,0,0.001335
4.5673,-0,0,0.0013006
4.5714,-0,0,0.0012732
4.5773,-0,0,0.0012568
4.5874,-0,0,0.0012512
4.5973,-0,0,0.0012539
4.6013,-0,0,0.0012616
4.6104,-0,0,0.0012718
4.6171,-0,0,0.0012829
4.6273,-0,0,0.0012931
4.6316,-0,0,0.001299
4.6396,-0,0,0.0012974
4.6483,-0,0,0.0012864
4.6674,-0,0,0.0012658
4.6713,-0,0,0.0012362
4.6775,-0,0,0.0012004
4.6828,-0,0,0.0011607
4.6889,-0,0,0.0011239
4.7002,-0,0,0.0010997
4.7102,-0,0,0.001084
4.717,-0,0,0.001076
4.7275,-0,0,0.0010745
4.7318,-0,0,0.0010794
4.7399,-0,0,0.0010912
4.7485,-0,0,0.0011081
4.7674,-0,0,0.0011264
4.7712,-0,0,0.0011414
4.7774,-0,0,0.0011492
4.7875,-0,0,0.0011481
4.7916,-0,0,0.0011379
4.803,-0,0,0.0011193
4.8104,-0,0,0.0010985
4.8192,-0,0,0.0010288
4.8274,-0,0,0.00095743
4.8371,-0,0,0.0009306
4.8431,-0,0,0.00091125
4.8521,-0,0,0.00089677
4.8686,-0,0,0.00089131
4.8733,-0,0,0.00089504
4.8785,-0,0,0.00090616
4.8972,-0,0,0.0009219
4.9013,-0,0,0.00094061
4.9108,-0,0,0.00096241
4.917,-0,0,0.00098761
4.9211,-0,0,0.0010158
4.93,-0,0,0.0010456
4.9378,-0,0,0.0010743
4.9477,-0,0,0.001098
4.9602,-0,0,0.0012596
4.9872,-0,0,0.0012641
4.9928,-0,0,0.0013011
4.9973,-0,0,0.0012833
5.0105,-0,0,0.0012584
5.0168,-0,0,0.0012274
5.0209,-0,0,0.0011944
5.0272,-0,0,0.0011579
5.037,-0,0,0.0011263
5.047,-0,0,0.0011017
5.0604,-0,0,0.0010816
5.067,-0,0,0.0010615
5.0775,-0,0,0.0010379
5.083,-0,0,0.001009
5.0877,-0,0,0.00094293
5.0973,-0,0,0.00088254
5.1102,-0,0,0.00086549
5.1168,-0,0,0.00084944
5.1206,-0,0,0.00084242
5.1287,-0,0,0.00083841
5.1372,-0,0,0.0008379
5.1472,-0,0,0.00084038
5.1602,-0,0,0.00084753
5.1669,-0,0,0.00086385
5.177,-0,0,0.00089488
5.1808,-0,0,0.00094414
5.1898,-0,0,0.0010111
5.198,-0,0,0.0010916
5.2104,-0,0,0.0012287
5.217,-0,0,0.0013744
5.2272,-0,0,0.0014638
5.2324,-0,0,0.0015363
5.24,-0,0,0.0015831
5.2496,-0,0,0.0015986
5.2605,-0,0,0.0015832
5.2672,-0,0,0.0015402
5.2791,-0,0,0.0014858
5.2869,-0,0,0.0014249
5.291,-0,0,0.0013641
5.2989,-0,0,0.0013082
5.3105,-0,0,0.0012608
5.3174,-0,0,0.0011903
5.3275,-0,0,0.0011324
5.3375,-0,0,0.0010875
5.3473,-0,0,0.0010813
5.352,-0,0,0.0010929
5.3603,-0,0,0.0011073
5.3677,-0,0,0.0011716
5.3784,-0,0,0.0012328
5.3907,-0,0,0.0012494
5.3972,-0,0,0.0012584
5.4026,-0,0,0.0012301
5.4123,-0,0,0.001154
5.4231,-0,0,0.001127
5.4289,-0,0,0.0011042
5.4391,-0,0,0.0011349
5.4469,-0,0,0.0011808
5.4603,-0,0,0.0011771
5.4671,-0,0,0.0012244
5.4716,-0,0,0.0012839
5.4813,-0,0,0.0013364
5.4879,-0,0,0.0014507
5.4969,-0,0,0.0015641
5.5099,-0,0,0.0016888
5.517,-0,0,0.0017132
5.5205,-0,0,0.0017671
5.5277,-0,0,0.001861
5.5373,-0,0,0.0019039
5.5473,-0,0,0.0019548
5.5528,-0,0,0.0020891
5.5611,-0,0,0.0023125
5.5701,-0,0,0.0026398
5.5776,-0,0,0.0030144
5.5874,-0,0,0.0031126
5.5926,-0,0,0.0036386
5.6004,-0,0,0.0043645
5.6107,-0,0,0.0049029
5.6185,-0,0,0.0053687
5.627,-0,0,0.0061101
5.6369,-0,0,0.0066975
5.6467,-0,0,0.0068152
5.6524,-0,0,0.0073005
5.6597,-0,0,0.0076661
5.669,-0,0,0.0077636
5.6767,-0,0,0.0076662
5.687,-0,0,0.007245
5.6973,-0,0,0.0073638
5.7026,-0,0,0.00679
5.7096,-0,0,0.0064252
5.7188,-0,0,0.0061253
5.7268,-0,0,0.0054373
5.7368,-0,0,0.0054771
5.7428,-0,0,0.0043919
5.7508,-0,0,0.0034266
5.7598,-0.5,0,0.0024044
5.7693,-0.5,0,0.00085846
5.7772,-0.5,0,-0.0010894
5.7881,-0.5,0,-0.0030148
5.7968,-0.5,0,-0.0044753
5.8101,-0.5,0,-0.005933
5.8165,-0.5,0,-0.0059167
5.8206,-0.5,0,-0.0070425
5.8287,-0.5,0,-0.0076667
5.8391,-0.5,0,-0.0079071
5.847,-0.5,0,-0.0081917
5.86,-0,0,-0.008468
5.867,-0,0,-0.0084056
5.8712,-0,0,-0.0083443
5.8792,-0,0,-0.0077108
5.8906,-0,0,-0.0070379
5.8967,-0,0,-0.0062897
5.9099,-0,0,-0.0053345
5.917,-0,0,-0.0042926
5.9272,-0,0,-0.0042359
5.9324,-0,0,-0.0033296
5.9396,-0,0,-0.0022678
5.9492,-0,0,-0.0011048
5.9602,0.5,0,4.6161e-05
5.9676,0.5,0,0.0012139
5.9775,0.5,0,0.0023546
5.9872,0.5,0,0.0033974
5.9977,0.5,0,0.00339
6.0021,0.5,0,0.0041787
6.0104,0.5,0,0.0046527
6.0175,1,0,0.0049652
6.0265,1,0,0.0049185
6.0323,1,0,0.0053022
6.0406,1,0,0.0056439
6.0494,1.5,0,0.0062022
6.0599,1.5,0,0.0070002
6.0673,1.5,0,0.0079857
6.0772,1.5,0,0.0089747
6.0867,1.5,0,0.0097049
6.097,1.5,0,0.0096178
6.1029,1.5,0,0.010679
6.1169,1.5,0,0.01067
6.1209,1.5,0,0.010753
6.1279,1.5,0,0.010617
6.1369,1.5,0,0.010087
6.1479,2,0,0.010123
6.1528,2,0,0.0094276
6.1606,2,0,0.0089292
6.1675,2,0,0.0087088
6.1767,2,-0.5,0.0088027
6.1866,2,-0.5,0.0093139
6.1981,2,-0.5,0.0098232
6.21,2,-0.5,0.010072
6.2166,2,-0.5,0.0093922
6.2207,2,-0.5,0.0092768
6.2294,2,-0.5,0.0088158
6.2366,2,-0.5,0.0081038
6.2467,2,-0.5,0.0070962
6.2598,2,-0.5,0.005806
6.267,2.5,-0.5,0.0040456
6.2768,2.5,-0.5,0.0014975
6.2809,2.5,-0.5,-0.0014443
6.2888,2.5,0,-0.0055971
6.312,2.5,0,-0.010127
6.3178,2,0,-0.01397
6.3667,2,0,-0.018086
6.3709,2,0,-0.021541
6.3767,2,0,-0.024808
6.3867,2,0,-0.028048
6.391,2,0,-0.030652
6.4096,2,0,-0.032852
6.4166,2,0,-0.035141
6.4206,2,0,-0.0362
6.4265,2,0,-0.037355
6.4368,2,0.5,-0.03816
6.4467,2,0.5,-0.038143
6.4598,2,0.5,-0.037396
6.4665,2,0.5,-0.035713
6.4767,2.5,0.5,-0.033498
6.4867,2.5,0.5,-0.035007
6.492,2.5,1,-0.029192
6.5095,2.5,1,-0.027346
6.517,2.5,1,-0.028539
6.5211,2.5,1,-0.028038
6.5273,2.5,1.5,-0.027641
6.5368,2.5,1.5,-0.028696
6.5467,2.5,1.5,-0.030944
6.5597,2.5,1.5,-0.033196
6.5664,2.5,2,-0.034445
6.5721,2.5,2,-0.0363
6.5806,2.5,2,-0.037422
6.5886,2.5,2,-0.037937
6.5971,2.5,2,-0.038951
6.6098,2.5,2,-0.040124
6.6162,2.5,2,-0.041266
6.6265,2.5,2.5,-0.041107
6.6364,2.5,2.5,-0.042487
6.6467,2.5,2.5,-0.043576
6.6516,2.5,2.5,-0.044845
6.6608,2.5,2.5,-0.047307
6.6707,2.5,2.5,-0.049769
6.6794,2.5,2.5,-0.052011
6.6913,3,2.5,-0.053359
6.6966,3,2.5,-0.05262
6.7105,3,2.5,-0.052564
6.7162,3,2.5,-0.051909
6.7262,3,2.5,-0.05179
6.7366,3,3,-0.052723
6.7411,3,3,-0.052425
6.75,3,3,-0.05297
6.7596,3,3,-0.055305
6.769,3,3,-0.056437
6.7776,3,3,-0.055629
6.7876,3,3,-0.052168
6.7966,3,2.5,-0.049291
6.8093,3,2.5,-0.046322
6.8162,3,2.5,-0.044434
6.8264,3,2.5,-0.041668
6.8363,3,2.5,-0.041338
6.8403,3,2.5,-0.039509
6.8496,3,2.5,-0.037783
6.8596,3,2.5,-0.03562
6.8681,3,2.5,-0.033912
6.8766,3,2.5,-0.035172
6.8866,3,2.5,-0.034987
6.8966,3,2.5,-0.034971
6.9019,3,2.5,-0.034309
6.9164,3,2.5,-0.034366
6.9208,3,2.5,-0.034842
6.9288,3,2.5,-0.034835
6.9377,3,2.5,-0.035373
6.9471,3,2,-0.035883
6.9595,3,2,-0.03682
6.9665,3,2,-0.038035
6.9764,3,2,-0.038028
6.9812,3,2,-0.042983
6.9966,3,2,-0.042886
7.0007,3,2,-0.043561
7.0093,3,2,-0.043144
7.0179,3,2,-0.042704
7.0267,3,2,-0.042181
7.0386,3,1.5,-0.043115
7.0464,2.5,1.5,-0.042741
7.0512,2.5,1.5,-0.04483
7.0602,2.5,1.5,-0.048171
7.0695,2.5,1,-0.051358
7.0775,2.5,1,-0.054863
7.0865,2.5,1,-0.058314
7.0964,2.5,1,-0.062093
7.1092,2.5,1,-0.065354
7.1199,2.5,0.5,-0.068027
7.1266,2.5,0.5,-0.0666
7.1308,2.5,0.5,-0.071256
7.1474,2.5,0.5,-0.069721
7.1518,2.5,0.5,-0.070687
7.1603,2.5,0.5,-0.069767
7.167,2.5,0.5,-0.067502
7.1768,2.5,0.5,-0.064739
7.1873,2.5,0.5,-0.063582
7.1915,2.5,0.5,-0.059347
7.1987,2.5,0.5,-0.054631
7.2103,2.5,0.5,-0.043785
7.2265,2.5,0.5,-0.043055
7.2306,2.5,0.5,-0.036817
7.2389,2.5,0.5,-0.031083
7.2466,2.5,0.5,-0.025841
7.2605,2.5,0.5,-0.020788
7.267,2.5,0.5,-0.020273
7.2716,2.5,0.5,-0.015531
7.2801,2.5,0.5,-0.011895
7.2889,2.5,0.5,-0.0093179
7.2978,2.5,0.5,-0.0072125
7.3103,2.5,0.5,-0.005503
7.3174,2.5,0.5,-0.0040647
7.3266,2.5,0.5,-0.0039264
7.3309,2.5,0.5,-0.0028834
7.3407,2.5,0.5,-0.0021483
7.3505,2.5,0.5,-0.00161
7.3601,2.5,0.5,-0.001145
7.367,2.5,0.5,-0.00078168
7.377,2.5,0.5,-0.00019389
7.387,2.5,0.5,-0.00018458
7.3914,2.5,0.5,0.0006617
7.4007,2.5,0.5,0.0012312
7.41,2.5,0.5,0.0040952
7.4372,2.5,0.5,0.0038724
7.441,2.5,0.5,0.0044967
7.4491,2.5,0.5,0.0049235
7.46,2.5,0.5,0.0052031
7.4669,2.5,0.5,0.0049334
7.4714,2.5,0.5,0.0052505
7.4784,2.5,0.5,0.0054075
7.487,2.5,0.5,0.0053072
7.497,2.5,0.5,0.0050673
7.5099,2.5,0.5,0.0045992
7.5177,2.5,0.5,0.004122
7.532,2.5,0.5,0.0035251
7.5362,2.5,0.5,0.0032567
7.5405,2.5,0.5,0.0029157
7.5493,2.5,0.5,0.0027062
7.5606,2.5,0.5,0.0024761
7.5665,2.5,0.5,0.0024051
7.5761,2.5,0.5,0.0023133
7.5871,2.5,0.5,0.0021513
7.5972,2.5,0.5,0.0016748
7.6019,2.5,0.5,0.001345
7.6114,2.5,0.5,0.00091443
7.6199,2.5,0.5,0.00041377
7.6376,2,0.5,-0.00034249
7.6417,2,0.5,-0.001136
7.6474,2,0.5,-0.0019242
7.6594,2,0.5,-0.0028481
7.666,2,0,-0.0038232
7.6761,2,0,-0.0045624
7.6861,2,0,-0.0052439
7.6902,2,0,-0.0059167
7.6982,2,0,-0.0065884
7.709,2,0,-0.0071736
7.7159,2,0,-0.007802
7.7258,2,0,-0.0083769
7.7363,2,0,-0.0088036
7.7404,2,0,-0.0092716
7.7497,2,0,-0.0098652
7.7593,2,0,-0.01051
7.7677,2,0,-0.011094
7.7763,2,0,-0.011478
7.7869,2,0,-0.011833
7.7961,2,0,-0.012628
7.8021,2,0,-0.012838
7.8101,2,0,-0.012565
7.902,2,0,-0.012451
7.9191,2,0,-0.012427
7.9316,2,0,-0.012208
7.9393,2,0,-0.011837
7.9467,2,0,-0.011293
7.9588,2,0,-0.0094284
7.9918,2,0,-0.0087559
7.9975,2,0,-0.0087537
8.0017,2,0,-0.007771
8.0087,2,0,-0.006902
8.0158,2,0,-0.006087
8.0259,2,0,-0.0061637
8.0316,2,0,-0.0034965
8.0588,2,0,-0.0027495
8.0658,2,0,6.5329e-05
8.0859,2,0,0.0011036
8.0968,2,0,0.0014685
8.1101,2,0,0.0018462
8.1173,2,0,0.0024461
8.1272,2,0,0.0024244
8.1314,2,0,0.004562
8.1587,2,0,0.0053613
8.1657,2,0,0.0052706
8.1697,2,0,0.0060292
8.1767,2,0,0.0059517
8.1807,2,0,0.0069307
8.1873,2,0,0.0079868
8.196,2,0,0.0090432
8.2087,2,0,0.01005
8.216,2,0,0.010862
8.2267,2,0,0.01097
8.2308,2,0,0.011894
8.2369,2,0,0.013154
8.2597,2,0,0.013875
8.2664,2,0,0.013948
8.272,2,0,0.014485
8.2764,2,0,0.015122
8.2865,2,0,0.015059
8.2912,1.5,0,0.015469
8.3094,1.5,0,0.015337
8.319,1.5,0,0.015282
8.3266,1.5,0,0.015097
8.3314,1.5,0,0.015033
8.3402,1.5,0,0.015061
8.3506,1.5,0,0.015081
8.3595,1.5,0,0.014955
8.367,1.5,0,0.014778
8.3771,1.5,0,0.01445
8.3866,1.5,0,0.014152
8.3905,1.5,0,0.013785
8.3982,1.5,0,0.013395
8.4094,1.5,0,0.013004
8.4158,1.5,0,0.012333
8.4258,1.5,0,0.011744
8.4359,1.5,0,0.010983
8.4465,1.5,0,0.010219
8.4597,1.5,0.5,0.0093123
8.4661,1.5,0.5,0.0083997
8.4767,1.5,0.5,0.0079363
8.4805,1.5,0.5,0.0070298
8.488,1.5,0.5,0.0062393
8.4965,1.5,0.5,0.0056304
8.5086,1.5,0.5,0.005083
8.5157,1.5,0.5,0.0045677
8.5258,1.5,0.5,0.0037962
8.5366,1.5,0.5,0.0027095
8.5457,1.5,1,0.0016298
8.5587,1.5,1,0.00050493
8.567,1.5,1,-0.00063782
8.5714,1.5,1,-0.001793
8.5785,1.5,1,-0.0029004
8.5896,1.5,1,-0.0039313
8.5957,1.5,1.5,-0.0047899
8.6087,1.5,1.5,-0.0054389
8.6157,1.5,1.5,-0.0063165
8.62,1.5,2,-0.0066617
8.6274,1.5,2,-0.0068517
8.637,1.5,2,-0.0069391
8.6462,1.5,2,-0.0067311
8.6587,1.5,2.5,-0.0061543
8.6663,1.5,3,-0.006892
8.6716,1.5,3,-0.0060898
8.6796,1.5,3.5,-0.0041077
8.6889,1.5,4,0.0023965
8.7096,1.5,4.5,0.0069117
8.7167,1.5,5,0.013653
8.7265,1.5,5,0.021361
8.7366,1.5,5.5,0.022804
8.7414,1.5,6,0.040982
8.76,1.5,6.5,0.053164
8.766,1.5,7,0.056398
8.7702,1.5,7.5,0.070149
8.781,1.5,8,0.084364
8.7899,1.5,8,0.099782
8.7983,1.5,8.5,0.11522
8.8087,1.5,8.5,0.13128
8.8154,1.5,9,0.14774
8.8254,1.5,9,0.15394
8.8315,1.5,9,0.1701
8.8401,1.5,9,0.18773
8.8501,1.5,9,0.20364
8.8603,1.5,9,0.21542
8.8692,1.5,9,0.22359
8.8776,1.5,9,0.22876
8.8859,1.5,9,0.23048
8.8958,1.5,9,0.22915
8.9084,1.5,8.5,0.22477
8.9155,1.5,8.5,0.21925
8.9217,1.5,8.5,0.21221
8.9303,1.5,8.5,0.20399
8.9382,1.5,8,0.19573
8.951,1.5,8,0.18664
8.9659,2,8,0.17793
8.9703,2,8,0.16868
8.9762,2,8,0.15889
8.9855,2.5,8,0.14988
8.9974,3,8,0.14444
9.0015,3,8,0.13702
9.01,3.5,8,0.13
9.0178,4,8,0.12221
9.0267,4.5,8,0.11298
9.0355,5,8,0.10171
9.0456,5.5,8,0.10271
9.0515,6.5,8,0.075739
9.0652,7,8,0.076806
9.0693,7.5,8,0.058341
9.0783,8,8,0.037565
9.0871,8.5,8,0.014074
9.0964,9,8.5,-0.012038
9.1092,10.5,8.5,-0.05919
9.1258,11,9,-0.057629
9.1296,11.5,9,-0.079042
9.138,11.5,9,-0.095674
9.1461,12,9.5,-0.1094
9.1592,12.5,10,-0.1398
9.1754,13,10.5,-0.12174
9.1793,13,10.5,-0.11839
9.1855,13,10.5,-0.094346
9.1913,13,11,-0.080245
9.1987,13,11,-0.060366
9.2092,13,11.5,-0.035256
9.2152,12.5,11.5,-0.0071655
9.2252,12.5,12,0.021944
9.2359,12.5,12,0.049263
9.2457,12.5,12,0.072111
9.2594,12,12.5,0.089556
9.2654,11.5,12.5,0.099802
9.2761,11.5,12.5,0.092626
9.2799,11.5,12.5,0.088128
9.286,11,13,0.077179
9.2955,11,13,0.061485
9.3095,10.5,13,0.043351
9.3152,10.5,13,0.023834
9.3203,10,13,0.0099256
9.3292,10,13,0.00043967
9.339,10,13,-0.004974
9.3461,9.5,13,-0.0084652
9.3591,9.5,13,-0.013259
9.3656,9.5,13,-0.022846
9.3779,9.5,13,-0.03922
9.3855,9.5,13,-0.062585
9.3893,9,13,-0.092537
9.3994,9,13,-0.12694
9.4091,9,12.5,-0.16099
9.4155,9,12.5,-0.19041
9.4254,9,12.5,-0.21424
9.4354,8.5,12.5,-0.23048
9.4454,8.5,12.5,-0.23378
9.4509,8.5,12,-0.22425
9.459,8.5,12,-0.20026
9.4784,8.5,12,-0.16909
9.4854,8.5,12,-0.13134
9.4891,8,12,-0.088251
9.4981,8,11.5,-0.042958
9.5091,8,11.5,0.0018874
9.5155,8,11,0.043742
9.5196,8,11,0.081268
9.5282,7.5,10.5,0.11268
9.5404,7.5,10.5,0.13749
9.5454,7.5,10.5,0.15531
9.559,7.5,10,0.1635
9.565,7.5,10,0.16682
9.5782,7,9.5,0.16418
9.5855,7,9.5,0.1603
9.5894,7,9,0.14756
9.5987,7,9,0.13131
9.6078,6.5,8.5,0.11268
9.6158,6.5,8.5,0.092721
9.6255,6.5,8,0.072555
9.6354,6.5,8,0.054148
9.6397,6,7.5,0.034688
9.6579,6,7,0.019672
9.6656,6,6.5,0.0098015
9.6693,6,6.5,0.0054777
9.6806,6,6.5,0.0067327
9.6856,5.5,6,0.012277
9.6975,5.5,5.5,0.020897
9.7081,5.5,5.5,0.031834
9.7157,5.5,5,0.044652
9.7255,5.5,5,0.060246
9.7297,5,5,0.075657
9.7375,5,4.5,0.091068
9.746,5,4.5,0.10567
9.7578,5,4.5,0.11882
9.7653,5,4.5,0.13055
9.7757,5,4.5,0.14115
9.7856,5,4,0.15133
9.7897,5,4,0.16028
9.7963,5,4,0.16916
9.8085,5,4,0.17802
9.8159,5.5,3.5,0.18695
9.8262,5.5,3.5,0.19541
9.8311,5.5,3.5,0.20402
9.8384,5.5,3,0.21193
9.8481,6,3,0.21869
9.8579,6,3,0.2245
9.8655,6.5,2.5,0.23023
9.8753,6.5,2.5,0.23606
9.8854,6.5,2.5,0.2419
9.8955,7,2,0.24869
9.8998,7,2,0.25363
9.9108,7,2,0.25768
9.9186,7.5,1.5,0.26088
9.9276,7.5,1.5,0.26224
9.9375,7,1,0.26067
9.9492,7.5,1,0.25928
9.9579,7.5,1,0.25559
9.9658,8,1,0.24471
9.9752,7.5,1,0.22158
10.009,7.5,1,0.20386
10.018,7.5,1,0.20148
10.025,7.5,1,0.19831
10.035,7.5,1,0.19512
10.041,8,1,0.19625
10.05,8,1,0.20351
10.058,8.5,1,0.21608
10.067,8.5,1.5,0.23035
10.076,8.5,1.5,0.24411
10.091,8.5,1.5,0.25352
10.095,8.5,2,0.25691
10.109,8.5,2,0.2427
10.115,8.5,2.5,0.24255
10.121,8.5,2.5,0.23254
10.127,8.5,3,0.21783
10.136,8.5,3,0.20267
10.145,8.5,3.5,0.18912
10.159,8.5,4,0.16535
10.165,8.5,4,0.16898
10.17,8.5,4.5,0.1655
10.178,8.5,5.5,0.15998
10.197,8,6,0.16562
10.201,8,6,0.16529
10.209,8,6,0.14759
10.215,8,6,0.14112
10.225,8,6.5,0.14264
10.231,8,6.5,0.13677
10.237,8,6,0.1388
10.247,8,6,0.14783
10.259,8,6,0.14528
10.265,8,5.5,0.16111
10.276,8,5.5,0.17788
10.285,8,5.5,0.19265
10.296,8,5,0.19753
10.301,8,5,0.20728
10.31,7.5,4.5,0.20035
10.32,7.5,4.5,0.20377
10.326,7.5,4,0.20489
10.335,7.5,4,0.20374
10.345,7.5,3.5,0.19946
10.359,7.5,3.5,0.1885
10.366,7.5,3.5,0.18438
10.371,7.5,3,0.1824
10.377,7.5,3,0.18447
10.386,7.5,3,0.18835
10.397,7.5,3,0.19477
10.409,7,3,0.1852
10.415,7,3,0.18794
10.425,7,3,0.19047
10.435,7,2.5,0.19085
10.44,7,2.5,0.19477
10.448,7,2.5,0.19938
10.459,7,2.5,0.1887
10.465,7,2.5,0.19152
10.476,7,2,0.19453
10.485,7,2,0.20086
10.499,7,2,0.21082
10.509,6.5,2,0.21474
10.515,6.5,2,0.2135
10.519,6.5,2,0.22213
10.525,6,1.5,0.22758
10.535,6,1.5,0.23018
10.546,5.5,1.5,0.23047
10.559,5.5,1.5,0.22041
10.566,5,1.5,0.21836
10.578,5,1.5,0.21017
10.585,5,1.5,0.19792
10.609,4.5,1,0.1715
10.616,4.5,1,0.13981
10.626,4.5,1,0.10306
10.635,4.5,1,0.062285
10.645,4.5,1,0.017805
10.686,5,1,-0.028789
10.709,5,1.5,-0.075958
10.715,5,1.5,-0.1227
10.725,5.5,1.5,-0.17083
10.729,5.5,2,-0.21921
10.739,6,2.5,-0.26879
10.745,6,3,-0.31762
10.759,6.5,3.5,-0.36024
10.766,7,4.5,-0.4111
10.77,7.5,5,-0.45578
10.778,8.5,6,-0.50117
10.787,9.5,7,-0.55046
10.796,10.5,8,-0.59725
10.809,11.5,10,-0.61425
10.815,13,11.5,-0.65145
10.828,14.5,13,-0.69632
10.836,15.5,14,-0.75689
10.845,17,16.5,-0.79894
10.851,20,20,-0.94539
10.865,21.5,21,-0.99459
10.869,24,23.5,-1.1494
10.878,27,26,-1.3424
10.887,31,28.5,-1.6072
10.9,34.5,30.5,-1.9375
10.91,35.5,32,-2.3337
10.915,37.5,33,-2.4475
10.921,41,34.5,-3.2376
10.935,43,35.5,-3.393
10.941,44.5,36.5,-3.7459
10.95,46.5,37,-3.8899
10.96,47.5,37.5,-3.7519
10.967,48.5,37.5,-3.3577
10.975,49,37.5,-2.9398
10.985,49.5,37.5,-2.5618
10.995,49.5,37.5,-2.3103
11.008,49.5,37.5,-2.2056
11.015,49,37,-2.2001
11.021,48.5,36.5,-2.1765
11.028,47.5,36,-2.0165
11.037,46.5,35.5,-1.9843
11.047,45.5,34.5,-1.9286
11.058,44.5,34,-1.8999
11.065,43.5,33.5,-1.889
11.075,42,32.5,-1.839
11.085,40.5,31.5,-1.6881
11.09,39,30.5,-1.6167
11.098,35.5,27.5,-1.5071
11.12,35,27,-1.3801
11.125,34,26.5,-1.2751
11.129,32.5,25.5,-1.1971
11.137,31,24.5,-1.1505
11.145,29.5,23,-1.1232
11.157,27.5,22,-1.1162
11.165,26,21,-1.1359
11.175,24.5,19.5,-1.1735
11.18,23,18.5,-1.2334
11.188,21.5,17,-1.3149
11.196,20,15.5,-1.4191
11.207,18,14.5,-1.5488
11.216,17,13.5,-1.6961
11.225,15.5,13,-1.8197
11.231,14.5,12,-2.0042
11.238,13,11,-2.2154
11.247,11.5,10,-2.4352
11.258,9.5,9.5,-2.6593
11.268,9,9,-2.8675
11.275,8,8.5,-3.0516
11.285,6.5,7.5,-3.206
11.295,5.5,7,-3.3354
11.308,4.5,6.5,-3.4375
11.315,4,6,-3.5116
11.325,3,5.5,-3.5499
11.335,2.5,5,-3.5971
11.339,2.5,4.5,-3.5694
11.35,2,4,-3.5131
11.358,2,3.5,-3.4356
11.366,2,3,-3.3343
11.376,2,2.5,-3.2155
11.386,2,2,-3.0736
11.395,2.5,1.5,-2.9121
11.407,2.5,1,-2.7324
11.415,3,0.5,-2.5318
11.425,3.5,0.5,-2.3914
11.429,4,0,-2.1819
11.437,4,0,-1.9761
11.446,3.5,0,-1.7806
11.457,3,0,-1.6111
11.467,3,0,-1.4828
11.475,3.5,0.5,-1.4026
11.485,4,0.5,-1.368
11.495,4.5,1,-1.3386
11.508,5,1.5,-1.3502
11.515,5.5,2,-1.3856
11.526,5.5,2.5,-1.3646
11.53,5.5,2.5,-1.3788
11.538,6,3,-1.4064
11.547,6,3,-1.397
11.557,6.5,3.5,-1.3403
11.565,7,4,-1.2447
11.575,7,4.5,-1.1382
11.585,7.5,5,-1.0317
11.589,8,5.5,-0.93484
11.599,8,6,-0.83712
11.608,8.5,6.5,-0.79595
11.627,8.5,6.5,-0.69705
11.631,8.5,7,-0.64424
11.635,9,7,-0.59355
11.651,9,7,-0.54965
11.657,9,7.5,-0.51112
11.665,9,7,-0.48928
11.67,9,7,-0.47615
11.677,9,7,-0.46943
11.686,8.5,7,-0.47183
11.695,8.5,6.5,-0.47694
11.708,8,6.5,-0.48642
11.715,8,5.5,-0.50059
11.728,7.5,5.5,-0.51819
11.735,7.5,5.5,-0.54673
11.739,7,5,-0.57056
11.757,6.5,5,-0.60935
11.768,6.5,4.5,-0.66101
11.778,6,4.5,-0.72134
11.785,6,4,-0.79545
11.795,5.5,4,-0.89673
11.815,5.5,3.5,-0.97576
11.819,5.5,3.5,-1.0981
11.835,5.5,3.5,-1.196
11.839,5.5,3.5,-1.3153
11.845,5.5,3.5,-1.4408
11.861,5.5,3.5,-1.5711
11.868,5.5,3.5,-1.7047
11.875,5.5,3.5,-1.8315
11.885,5.5,3.5,-1.9487
11.89,5.5,3.5,-2.0619
11.908,5.5,3.5,-2.1617
11.915,5.5,3.5,-2.2419
11.925,5.5,3.5,-2.3206
11.935,5.5,4,-2.3911
11.939,5.5,4,-2.4501
11.945,5.5,4,-2.5022
11.958,5.5,4,-2.5468
11.965,5,4,-2.5829
11.975,5,4.5,-2.6246
11.979,5,4.5,-2.6559
11.987,5,5,-2.691
11.997,5,5,-2.7366
12.008,5,5,-2.7904
12.014,5.5,5.5,-2.8578
12.025,5.5,5.5,-2.9251
12.036,5.5,5.5,-2.9866
12.045,6,6,-3.0697
12.051,6.5,6,-3.135
12.061,7,6.5,-3.2094
12.068,7.5,7,-3.2945
12.077,8.5,7.5,-3.3938
12.085,9,8.5,-3.5141
12.095,10,9,-3.6543
12.109,11.5,10,-3.758
12.114,13,11,-3.8937
12.125,13.5,11.5,-3.952
12.128,14.5,12.5,-4.0252
12.137,15.5,13.5,-4.0633
12.145,16.5,14.5,-4.0776
12.159,19,16.5,-4.034
12.165,23.5,19.5,-3.9837
12.18,25.5,20.5,-3.8864
12.185,27,21.5,-3.5803
12.191,37,30.5,-3.5448
12.215,54.5,44,-4.0945
12.264,57,48,-3.9657
12.287,57.5,48.5,-3.4836
12.295,58,49,-3.0015
12.299,58,49.5,-2.5105
12.308,58,49.5,-2.009
12.315,58,49.5,-1.5987
12.325,58,49.5,-1.4452
12.329,57,49,-1.1557
12.349,56.5,48.5,-1.0626
12.357,55.5,48,-1.0232
12.364,54,47.5,-0.98878
12.368,52.5,46.5,-0.96024
12.376,51.5,46,-0.91272
12.385,50,44.5,-0.89363
12.39,48,43.5,-0.83634
12.398,45.5,42,-0.76709
12.408,43.5,40.5,-0.69265
12.417,41.5,39,-0.64859
12.425,39,37.5,-0.61771
12.435,36,35,-0.58818
12.447,34.5,34,-0.56187
12.457,30,29,-0.47383
12.475,28,27.5,-0.52656
12.479,27,26.5,-0.52608
12.485,25,24.5,-0.52859
12.495,23,22.5,-0.53977
12.508,21,20.5,-0.56008
12.514,19.5,19,-0.63297
12.52,18,17,-0.66802
12.527,16.5,15.5,-0.71115
12.535,13.5,15,-0.741
12.551,12.5,13,-0.77726
12.558,11,12,-0.8109
12.565,6.5,9.5,-0.83934
12.585,5.5,8.5,-0.90281
12.589,4.5,8,-0.96666
12.596,3.5,7.5,-1.0259
12.607,2,6.5,-1.0513
12.614,1,6,-1.085
12.625,1,5.5,-1.1293
12.635,1,4.5,-1.1684
12.65,1.5,4,-1.1948
12.657,1.5,3.5,-1.2139
12.665,2,3.5,-1.1904
12.669,2.5,3,-1.1933
12.676,3,3,-1.1701
12.685,4,2.5,-1.1241
12.695,4.5,2.5,-1.0569
12.707,5,2.5,-0.9722
12.715,5,2.5,-0.94432
12.72,4.5,2.5,-0.83811
12.727,3.5,2.5,-0.7041
12.736,4.5,3,-0.42349
12.757,5,3,-0.23949
12.765,5.5,3,-0.23653
12.769,5.5,3.5,-0.04312
12.776,6,4,0.014695
12.784,6,4,0.01448
12.789,6.5,4.5,0.075145
12.799,7,5.5,0.07199
12.808,7,6.5,0.081381
12.818,7,7,0.03746
12.825,7.5,8,-0.005307
12.835,7.5,8.5,-0.045302
12.845,8,8.5,-0.075737
12.857,8.5,9,-0.081485
12.865,8.5,9,-0.081212
12.87,8.5,9,-0.14382
12.885,8.5,9,-0.14527
12.889,9,9,-0.18539
12.896,9,8.5,-0.2467
12.91,9,8.5,-0.3323
12.915,9,8,-0.45105
12.925,9,8,-0.52532
12.935,9,8,-0.53492
12.94,9,7.5,-0.65809
12.958,9,7,-0.70289
12.965,8.5,7,-0.7153
12.969,8.5,6.5,-0.73496
12.975,8.5,6.5,-0.7136
12.985,8.5,6,-0.68898
12.995,8.5,5.5,-0.70187
13.001,8,5.5,-0.68613
13.01,8,5,-0.67731
13.017,8,5,-0.66762
13.026,7.5,4.5,-0.65765
13.035,7.5,4.5,-0.67799
13.045,7,4,-0.73355
13.065,7,4,-0.75397
13.069,7,4,-0.7854
13.074,6.5,4,-0.79954
13.085,6.5,4.5,-0.81557
13.095,6,4.5,-0.83707
13.1,6,4.5,-0.79988
13.115,6,4.5,-0.81927
13.119,5.5,4.5,-0.79877
13.125,5.5,4.5,-0.78207
13.135,5.5,4.5,-0.79853
13.14,5,5,-0.7558
13.148,5,5,-0.64366
13.165,5,5.5,-0.65544
13.17,5,5.5,-0.61885
13.176,4.5,5.5,-0.60121
13.186,4.5,5.5,-0.60092
13.194,4.5,5.5,-0.59613
13.207,4.5,6,-0.59241
13.225,4.5,6,-0.59841
13.228,4.5,6,-0.61433
13.239,4.5,7,-0.63219
13.245,4.5,7,-0.65162
13.257,5,7.5,-0.66876
13.265,5,8.5,-0.67623
13.27,5.5,9,-0.70252
13.278,5.5,10,-0.75163
13.288,6,11,-0.83705
13.297,6.5,12,-0.94334
13.307,7,13,-1.0228
13.314,8,14,-1.0436
13.319,8.5,15.5,-1.1373
13.326,10,17,-1.2047
13.335,12,19,-1.2548
13.345,13.5,19.5,-1.3007
13.357,16.5,24,-1.4417
13.375,17.5,27.5,-1.437
13.379,19,28,-1.5462
13.386,20.5,30.5,-1.6935
13.394,22.5,33.5,-1.654
13.4,25.5,36,-1.9725
13.409,29,38,-2.6176
13.419,39,42,-4.4178
13.439,42,43,-5.4186
13.445,44.5,43.5,-5.1569
13.449,48,44,-6.0939
13.457,51.5,45,-6.8175
13.465,55,46,-6.4459
13.469,58,46,-7.1394
13.477,63.5,46,-8.511
13.495,64.5,46,-8.0313
13.499,65.5,46,-7.95
13.507,66.5,45.5,-7.207
13.514,67.5,45.5,-6.2785
13.524,67.5,45,-5.8614
13.529,67.5,44.5,-4.1377
13.537,67,44,-2.2258
13.545,66.5,43,-0.86986
13.557,63.5,42,-0.017169
13.574,62,40,-0.015289
13.578,60,39,-0.036386
13.585,56.5,37.5,-0.11131
13.597,55,36.5,-0.19937
13.607,51.5,35.5,-0.26816
13.614,49,34,-0.23322
13.618,46,32,-0.27148
13.627,42,30.5,-0.30986
13.635,38.5,29,-0.36804
13.645,35,27.5,-0.42173
13.657,32,25.5,-0.49086
13.664,28,25,-0.5884
13.675,26.5,23,-0.6695
13.678,24,21.5,-0.84802
13.687,21,20,-1.0674
13.697,19,18,-1.3266
13.707,17,16.5,-1.6202
13.714,15,15,-1.9545
13.724,13,13.5,-2.3017
13.734,11,12,-2.6475
13.744,8.5,11,-2.9583
13.75,6.5,9.5,-3.291
13.759,4.5,8.5,-3.5758
13.767,3,7.5,-3.7891
13.776,1.5,6.5,-3.9527
13.786,1,5.5,-4.0141
13.795,0.5,5,-4.0603
13.807,-0,4,-4.0041
13.814,1,3,-3.9398
13.828,1.5,3,-3.8594
13.834,2,3,-3.7292
13.84,3,3,-3.5687
13.848,4.5,3,-3.3603
13.857,4.5,2.5,-3.1417
13.866,3.5,2.5,-2.9033
13.878,3,2.5,-2.683
13.884,3.5,3,-2.4965
13.895,4.5,3,-2.2975
13.907,5,3.5,-2.0552
13.915,5.5,4,-1.9896
13.92,6,4,-1.8722
13.929,6.5,4,-1.8575
13.938,7,4,-1.7713
13.947,7.5,4.5,-1.6678
13.957,7.5,4.5,-1.5637
13.964,7.5,5,-1.4612
13.974,8,5.5,-1.3808
13.984,8.5,5.5,-1.3002
13.989,9.5,6.5,-1.2351
14.009,9.5,7,-1.1833
14.018,9.5,7,-1.1366
14.024,10,7.5,-1.0892
14.028,10,7.5,-1.0697
14.034,10,8,-1.0364
14.039,10,8,-1.0567
14.048,10,8,-1.064
14.057,10,8,-1.0598
14.065,10,7.5,-1.0687
14.074,10,7.5,-1.0857
14.087,10,7.5,-1.0965
14.094,9.5,7,-1.0913
14.098,9.5,6.5,-1.086
14.109,9.5,6.5,-1.0875
14.116,9,6,-1.0841
14.126,9,6,-1.0651
14.135,8.5,6,-1.0375
14.145,8,5.5,-1.0108
14.157,8,5,-0.99713
14.164,7.5,5,-0.9918
14.174,7,4.5,-1.0097
14.194,7,4.5,-1.0505
14.198,7,4.5,-1.1296
14.207,6.5,4,-1.2298
14.219,6.5,4,-1.3593
14.224,6.5,3.5,-1.5005
14.234,6,3,-1.6269
14.239,6,3,-1.7854
14.248,6,2.5,-1.9482
14.257,5.5,2.5,-2.1115
14.265,5.5,2.5,-2.2816
14.275,5.5,2.5,-2.4592
14.297,5.5,2.5,-2.6865
14.308,5.5,2.5,-2.9302
14.314,5.5,2.5,-3.0685
14.319,5.5,2,-3.2773
14.337,5.5,2,-3.4471
14.344,5.5,2,-3.5677
14.348,5.5,2,-3.7249
14.358,6,2,-3.9613
14.364,6,2,-4.14
14.374,6.5,2,-4.3046
14.378,7,2.5,-4.6121
14.394,7.5,2.5,-4.8549
14.398,8,2.5,-5.2546
14.408,8.5,3,-5.826
14.414,9.5,3,-6.2965
14.419,11,3.5,-6.9804
14.428,12,3.5,-7.7531
14.436,14.5,4,-8.6794
14.458,16,4.5,-9.7989
14.464,17,5,-10.819
14.468,18.5,5.5,-12.241
14.475,21,6,-13.861
14.484,26.5,7.5,-15.68
14.499,28,8,-17.831
14.507,30.5,8.5,-20.224
14.514,34,9.5,-21.755
14.518,37,10.5,-24.254
14.524,41.5,11.5,-26.522
14.534,46,12.5,-28.557
14.544,48,14,-29.661
14.55,50.5,15.5,-31.141
14.559,53,17,-31.959
14.568,54.5,19,-31.795
14.575,56,20,-30.574
14.584,57,23.5,-29.098
14.594,57.5,26,-27.653
14.607,58,29,-26.506
14.614,58,32,-24.709
14.618,58,34.5,-23.186
14.626,58,38,-21.376
14.634,57.5,41,-19.279
14.644,57,43,-17.232
14.656,56,45,-15.059
14.663,55.5,46.5,-12.182
14.669,54,47.5,-9.7799
14.677,53,48.5,-7.5945
14.685,50.5,49,-5.3305
14.698,49.5,49,-3.1733
14.707,47.5,49,-1.3696
14.714,46,49,0.051347
14.724,44,48.5,1.1064
14.729,42,48,1.8235
14.739,39.5,47,2.2232
14.748,37.5,46,2.387
14.758,35.5,45.5,2.3922
14.768,33.5,43,2.2844
14.776,32,41.5,2.075
14.784,25.5,34,1.7036
14.815,24,34,1.5475
14.824,22.5,31.5,1.3995
14.828,21.5,30,1.3678
14.834,19.5,28,1.3435
14.844,17.5,25.5,1.3167
14.856,16,23.5,1.2833
14.864,14,21.5,1.247
14.874,12,20,1.2544
14.879,10.5,18,1.2343
14.888,6.5,14.5,1.3148
14.914,5,13,1.3158
14.918,3.5,11.5,1.3535
14.929,3.5,10.5,1.3783
14.934,3,10,1.3848
14.94,3,8.5,1.2234
14.957,3,7,0.99747
14.963,3.5,6.5,1.0163
14.968,3.5,6,0.80881
14.974,4,5.5,0.63302
14.984,5,5,0.48616
14.994,6,4.5,0.28412
15.006,6.5,4,0.099999
15.014,7,3.5,0.10018
15.018,7,3.5,0.030003
15.026,6.5,3.5,-0.0083012
15.034,6,4,-0.060585
15.044,6,4,-0.079661
15.056,7.5,4.5,-0.058501
15.063,8.5,4.5,-0.055026
15.068,8.5,4.5,-0.049236
15.075,9,4,-0.084471
15.084,10,4,-0.14776
15.094,10.5,4,-0.28805
15.114,10.5,5,-0.28538
15.118,11,5.5,-0.33096
15.123,11,6,-0.34902
15.134,11.5,6.5,-0.35965
15.144,12,7,-0.36461
15.156,12,7.5,-0.36862
15.163,12,8,-0.35381
15.168,12,8.5,-0.35965
15.177,12,8.5,-0.3596
15.187,12,8.5,-0.34103
15.194,11.5,8,-0.31003
15.214,11.5,8,-0.3206
15.219,11.5,8,-0.3371
15.224,11,8,-0.35368
15.234,11,7.5,-0.36866
15.244,10.5,7.5,-0.3878
15.249,10.5,7,-0.38883
15.259,10,7,-0.38897
15.266,9.5,6.5,-0.38317
15.275,9.5,6,-0.36148
15.284,9.5,5.5,-0.32776
15.294,9,5,-0.29714
15.306,9,4.5,-0.27425
15.317,8.5,4.5,-0.25745
15.323,8.5,4.5,-0.24881
15.328,8.5,4.5,-0.23347
15.338,8,4,-0.19635
15.345,8,4,-0.14592
15.356,8,4,-0.079679
15.364,7.5,3.5,0.019487
15.373,7.5,3.5,0.020192
15.377,7.5,3,0.19144
15.387,7.5,2.5,0.44199
15.395,7,2,0.93161
15.43,7,2,1.0372
15.434,7,2,1.1083
15.444,7,2,1.0883
15.45,7,2,1.066
15.456,7,2,0.99021
15.464,7,2.5,0.90852
15.474,7,2.5,0.81858
15.479,7,2.5,0.72171
15.487,7,3,0.59717
15.496,7,3,0.41759
15.506,7,3.5,0.21256
15.516,7.5,3.5,0.030548
15.524,7.5,4.5,-0.10201
15.534,8,5,-0.15707
15.544,8,5,-0.24855
15.548,8.5,6,-0.21921
15.556,9,6.5,-0.18863
15.564,9.5,7.5,-0.17205
15.573,10,8.5,-0.19946
15.579,11,9.5,-0.19749
15.587,11.5,11,-0.21547
15.595,12.5,12,-0.2304
15.606,14,13.5,-0.19049
15.619,14.5,16,-0.086029
15.624,16,17.5,0.01551
15.634,17.5,19,0.022106
15.644,19,21.5,0.022059
15.648,20.5,22.5,-0.10755
15.656,23,25,-0.39381
15.664,26.5,28.5,-0.90921
15.674,29.5,31,-0.89187
15.68,33,34.5,-1.4969
15.688,37.5,37,-1.977
15.697,41.5,41,-2.1189
15.708,47,42.5,-2.0229
15.723,49.5,43,-1.9879
15.729,50.5,46.5,-1.876
15.733,53.5,48,-1.7319
15.748,54.5,48.5,-1.5424
15.756,55.5,48.5,-1.3532
15.764,56,48.5,-1.2171
15.769,56.5,48.5,-0.99201
15.775,56.5,48,-0.75166
15.785,56.5,47.5,-0.50505
15.793,56,47,-0.25767
15.806,55.5,46,-0.019087
15.813,54,45.5,0.19863
15.824,53,45.5,0.39051
15.833,52,43,0.56459
15.838,50.5,42,0.70404
15.847,48.5,40.5,0.81576
15.856,47,38.5,0.89634
15.864,45,37,0.94758
15.873,42,35,0.97165
15.884,40.5,33,0.97662
15.893,38,31,0.97486
15.906,35,29,0.98125
15.914,33,27.5,0.97852
15.918,30.5,25.5,1.0095
15.929,29,23.5,1.0578
15.934,27,22,1.0774
15.943,23,19,1.0616
15.959,22,18.5,1.0634
15.963,20.5,16.5,1.0962
15.974,18.5,15,1.1548
15.984,16.5,13,1.2074
15.993,14.5,12,1.1367
15.999,12.5,10.5,1.1749
16.009,10.5,8.5,1.1372
16.023,9,8.5,0.55438
16.034,7.5,7,0.47892
16.038,5.5,6.5,0.1405
16.056,5,5,0.072909
16.063,4.5,4,0.018402
16.073,4.5,3,-0.010471
16.084,4.5,2.5,-0.0051707
16.088,4.5,2.5,0.0013604
16.097,5,2,0.02219
16.106,6,2,0.051252
16.118,6.5,1.5,0.12023
16.133,7,1.5,0.16627
16.137,6.5,1.5,0.27435
16.145,6.5,1.5,0.40096
16.156,7,2,0.50495
16.163,8,2.5,0.56911
16.169,8.5,2.5,0.67127
16.177,9,3,0.81485
16.185,9,3.5,0.83853
16.193,9,3.5,0.79029
16.206,9.5,4,0.80574
16.213,9.5,4.5,0.79283
16.223,10,5,0.73581
16.234,10.5,5.5,0.6993
16.238,10.5,6,0.68924
16.247,11,6.5,0.69398
16.259,11,7,0.69733
16.264,11,7.5,0.69687
16.273,11,7.5,0.68422
16.283,11,7.5,0.66546
16.293,11,8,0.65025
16.299,11,8,0.62127
16.306,11,8,0.5811
16.316,10.5,8,0.54348
16.325,10.5,8,0.51101
16.338,10.5,8,0.47524
16.343,10.5,7.5,0.43633
16.356,10,7,0.4076
16.363,10,7,0.39418
16.368,9.5,6,0.34921
16.393,9.5,6,0.33036
16.397,9.5,5.5,0.24294
16.405,9.5,5.5,0.10857
16.413,9.5,5,-0.090233
16.423,9,4.5,-0.50587
16.438,9,4.5,-0.73263
16.443,8.5,4,-0.66467
16.448,8.5,4,-0.48074
16.456,8,3.5,-0.38435
16.465,8,3.5,-0.33831
16.475,7.5,3,-0.32847
16.483,7.5,3,-0.33861
16.493,7.5,2.5,-0.36617
16.506,7,2.5,-0.41052
16.514,7,2.5,-0.47083
16.519,7,2.5,-0.54719
16.527,6.5,2.5,-0.6722
16.544,6.5,2.5,-0.86547
16.556,6.5,2,-1.1505
16.563,6.5,2,-1.3359
16.568,6.5,2,-1.6995
16.573,6.5,2,-2.0146
16.583,6.5,2,-2.2433
16.588,9.5,5.5,-0.79432
16.687,10,6,-0.6696
16.693,13,8,-0.65403
16.714,13.5,8.5,-0.68029
16.718,16,9,-1.1694
16.734,20,9.5,-2.8451
16.755,23,14.5,-3.4554
16.768,24.5,15.5,-2.9012
16.773,27.5,16.5,-2.283
16.783,34,19.5,-1.8368
16.794,37,21,-1.5257
16.805,42.5,24.5,-1.3196
16.813,46.5,28,-1.2252
16.817,49.5,30.5,-1.0986
16.823,53,34,-1.0196
16.833,56,37,-0.97231
16.843,58.5,38,-0.93526
16.855,61,44,-0.87673
16.863,63.5,47,-0.80018
16.873,64,48,-0.79768
16.878,65,48.5,-0.74311
16.884,65.5,49,-0.69361
16.894,65.5,49.5,-0.63514
16.905,65.5,49.5,-0.58194
16.913,65,49.5,-0.5321
16.923,64.5,49.5,-0.50383
16.929,63.5,49,-0.45898
16.938,61.5,48.5,-0.4295
16.956,59.5,47.5,-0.3997
16.963,57.5,46,-0.3547
16.967,55.5,45,-0.3159
16.975,53.5,43.5,-0.2671
16.983,52,42,-0.2113
16.987,49.5,40,-0.16062
16.994,46.5,38,-0.11619
17.006,44,36.5,-0.081674
17.013,41,34,-0.060962
17.023,38.5,31.5,-0.058158
17.033,36,28.5,-0.070134
17.038,32,27,-0.11881
17.055,30,23.5,-0.17788
17.063,28,22,-0.2542
17.068,26,20,-0.3351
17.076,24,18,-0.41487
17.084,22,16.5,-0.5327
17.093,20,14.5,-0.80593
17.106,17.5,12.5,-1.5735
17.113,15.5,11,-1.5472
17.123,13,9.5,-0.33761
17.133,11.5,8.5,-0.39652
17.137,9.5,7,0.063791
17.146,7.5,7,0.3461
17.157,6,4.5,0.51169
17.164,4,3,0.6593
17.173,3,2,0.78749
17.183,2.5,1,0.94479
17.193,2,-0.5,1.163
17.205,1.5,-1,1.3566
17.213,1.5,-2,1.4491
17.218,2,-2.5,1.6098
17.227,2.5,-2.5,1.7794
17.236,3,-3.5,1.9135
17.243,4.5,-3.5,2.0363
17.258,4.5,-3.5,2.1967
17.268,4.5,-3.5,2.3864
17.276,4.5,-3.5,2.5412
17.283,4.5,-2.5,2.6912
17.293,5.5,-2,2.7319
17.305,6.5,-1.5,2.7283
17.313,6.5,-1.5,2.7471
17.317,7,-1,2.8601
17.325,7.5,-0.5,2.9636
17.333,8.5,0.5,3.0601
17.343,8.5,1.5,3.1555
17.355,9,2,3.1931
17.366,9,4.5,3.2418
17.373,10,7.5,2.9268
17.427,10,7.5,2.7668
17.433,10,7.5,2.8003
17.437,10,7,2.5781
17.445,10,7,2.332
17.455,9.5,7,2.032
17.465,9.5,6.5,1.5802
17.473,9,6.5,0.75179
17.483,9,6,-0.66605
17.493,8.5,5.5,-0.67074
17.499,8,5.5,-1.8698
17.507,8,5,-1.2571
17.516,7.5,4.5,0.63755
17.533,7,4.5,0.6459
17.539,7,4.5,0.15313
17.545,7,4,-0.23246
17.555,6.5,3.5,-0.50593
17.575,6,3,-0.2344
17.586,6,3,-0.0012255
17.597,6,3,0.16206
17.605,5.5,2.5,0.34574
17.613,5.5,2.5,0.60129
17.623,5.5,2.5,0.82442
17.634,5,2.5,1.0337
17.643,5,3,1.0512
17.649,5,3,1.4888
17.667,4.5,3.5,1.628
17.673,4.5,4,1.7026
17.684,4.5,4,1.7155
17.694,4.5,4.5,1.6994
17.706,4.5,4.5,1.7123
17.712,4.5,5,1.7207
17.717,4.5,5,1.7578
17.723,5,5.5,1.7984
17.733,5,5.5,1.8799
17.743,5.5,6,1.8713
17.748,6.5,6.5,1.999
17.758,7.5,7.5,2.2378
17.773,8,7.5,2.2151
17.778,8.5,8,2.2098
17.784,10,9,1.9264
17.794,11,10,1.6754
17.806,12,11,1.3877
17.814,13.5,12.5,0.77174
17.823,14.5,13.5,-0.41356
17.833,15.5,15,-0.40103
17.839,18,17,-14.699
17.855,21,19,-9.8851
17.863,26,19.5,-7.5457
17.873,27.5,20,-7.1358
17.877,31.5,26,-6.1022
17.886,34.5,29,-5.3675
17.893,40.5,34.5,-4.7183
17.905,43,36.5,-4.1735
17.912,46,40,-3.6962
17.923,49,43.5,-3.3422
17.928,51.5,45.5,-2.8875
17.936,53.5,47,-2.4459
17.945,55,48,-2.0286
17.955,56.5,49,-1.6839
17.963,57.5,49,-1.3698
17.975,58,49.5,-1.0939
17.985,58.5,49.5,-0.83946
17.993,58.5,49,-0.61344
18.005,58,48.5,-0.40964
18.013,57.5,47.5,-0.22266
18.018,56.5,47,-0.052504
18.024,55.5,45.5,0.094229
18.034,46.5,42.5,0.27556
18.073,30.5,39.5,0.48085
18.137,29.5,23.5,0.6091
18.143,28,22.5,0.68455
18.147,26,21.5,0.77175
18.156,22.5,21,0.90823
18.173,20,17.5,0.95096
18.183,14.5,16,0.91046
18.209,13.5,11.5,0.93343
18.213,12.5,10.5,0.92335
18.218,10,8.5,1.1708
18.233,8.5,8,1.333
18.243,7,7,1.325
18.249,5.5,6,1.1432
18.262,4.5,5.5,1.1331
18.268,3,5.5,0.54395
18.284,3,5,0.25093
18.293,2.5,4.5,0.11099
18.306,2.5,4.5,0.054179
18.313,3,4.5,0.017772
18.323,3.5,4.5,-0.017323
18.333,4.5,4.5,-0.044176
18.343,4.5,5,-0.04148
18.349,4.5,5,-0.036911
18.355,4.5,5.5,-0.022068
18.363,4,5.5,-0.022648
18.372,4.5,6,-0.022625
18.385,5,6.5,-0.030467
18.393,6,7,-0.028774
18.397,6.5,7.5,-0.040163
18.408,7,8.5,-0.048646
18.416,7.5,8.5,-0.047321
18.422,7.5,9,-0.046008
18.428,8,9.5,-0.028925
18.443,8,9.5,-0.030019
18.448,8.5,9.5,-0.044676
18.456,8.5,9.5,-0.068965
18.465,9,9.5,-0.063257
18.474,9,9,-0.030475
18.488,9,8.5,0.013186
18.493,9.5,8.5,0.066271
18.506,9.5,8.5,0.13401
18.512,9,8,0.13759
18.519,9,8,0.20952
18.527,9,7.5,0.28627
18.534,9,7,0.3911
18.543,9,7,0.53654
18.555,8.5,6.5,0.70471
18.566,8.5,6.5,0.87868
18.573,8.5,6,1.0721
18.582,8,6,1.2592
18.592,7.5,5.5,1.4123
18.615,7,5,1.3312
18.623,7,5,1.3441
18.627,7,4.5,1.1397
18.633,6.5,4.5,0.94444
18.642,6.5,4,0.82721
18.655,6,4,0.78409
18.663,6,3.5,0.76502
18.669,5.5,3.5,0.75051
18.676,5.5,3.5,0.75261
18.692,5,3.5,0.72884
18.696,5,3.5,0.72398
18.706,4.5,3.5,0.71808
18.716,4.5,3.5,0.71078
18.725,4.5,3.5,0.71107
18.733,4.5,3,0.72153
18.744,4.5,3,0.72483
18.749,4.5,3,0.73728
18.757,5,3,0.72678
18.765,5,3,0.69544
18.773,5,3,0.66344
18.782,5.5,3.5,0.62573
18.813,5.5,4,0.64102
18.818,5.5,4,0.68128
18.823,6,4.5,0.72442
18.832,6,5,0.72367
18.837,6,5.5,0.745
18.844,6.5,5.5,0.74345
18.855,6.5,6.5,0.73375
18.862,7,7,0.70139
18.868,7,8,0.68959
18.878,7.5,8.5,0.68316
18.886,8.5,9,0.67837
18.895,9,10,0.66215
18.905,10,11,0.62394
18.913,11,11.5,0.54066
18.919,12,13,0.47218
18.928,16,17,0.40484
18.955,17.5,18.5,0.32321
18.963,19,20,0.25723
18.967,20.5,20.5,0.21521
18.974,22.5,22.5,0.20285
18.983,25,24.5,0.22323
18.992,31.5,25.5,0.27741
19.005,34,31.5,0.3593
19.013,37.5,33.5,0.47691
19.017,44.5,37.5,0.56404
19.033,47.5,40,0.69799
19.037,49.5,41,0.78813
19.043,52.5,43,0.85163
19.055,54.5,44,0.89009
19.062,57,45,0.91115
19.074,58,45.5,0.9726
19.078,59,46,0.94734
19.086,60,46,0.83141
19.105,60,46.5,0.78277
19.112,60,46.5,0.78954
19.116,60,46,0.74522
19.122,59.5,45.5,0.72872
19.132,58.5,45,0.7431
19.142,57.5,44.5,0.75328
19.148,56.5,43.5,0.77969
19.157,54.5,42.5,0.79666
19.167,53,41.5,0.79158
19.174,51,40.5,0.7539
19.184,49,39,0.68826
19.192,46.5,37.5,0.62908
19.204,38,37.5,0.5575
19.236,32.5,26.5,0.53432
19.257,31.5,25.5,0.52269
19.262,29,23.5,0.50647
19.272,28,22,0.46855
19.276,26.5,21,0.44414
19.282,21.5,18,0.47424
19.305,20,15.5,0.46308
19.312,18,14.5,0.44108
19.322,16.5,13.5,0.34609
19.326,13,10.5,0.33994
19.343,10.5,9,0.16491
19.355,9,8.5,-0.17205
19.362,7.5,7.5,-0.59459
19.368,6,7,-0.68907
19.378,4.5,6.5,-0.5797
19.386,2.5,6,-0.19751
19.412,2,5.5,-0.24897
19.416,1.5,5.5,-0.16009
19.422,2,5.5,-0.15377
19.436,3,5.5,-0.2882
19.455,4,5.5,-0.36503
19.463,4.5,6,-0.37444
19.473,4.5,6,-0.40105
19.478,4,6.5,-0.34971
19.485,3.5,6.5,-0.17563
19.495,4,7,0.1375
19.512,4.5,7.5,0.14371
19.517,4.5,7.5,0.10355
19.524,5,7.5,0.0030424
19.533,6,7.5,-0.04536
19.543,6,7.5,0.025759
19.555,7,8,0.019708
19.562,7,8,0.019708
19.568,7,8.5,0.14448
19.577,7,9,0.20225
19.588,7,9,0.14708
19.594,7.5,9.5,0.10391
19.605,7.5,9.5,0.077068
19.617,7.5,9.5,0.041291
19.622,8,9.5,-0.014841
19.632,8,9.5,-0.081359
19.642,8,9.5,-0.082707
19.648,8,9,-0.19574
19.656,8,9,-0.39456
19.664,8,9,-0.57283
19.672,8,9,-0.71878
19.682,8,9,-0.88064
19.693,8,8.5,-1.0606
19.704,7.5,8.5,-1.4874
19.723,7.5,8,-1.5079
19.727,7.5,8,-1.9712
19.734,7.5,7.5,-2.8173
19.744,7,7,-8.5181
19.762,7,7,-5.4574
19.774,7,6.5,-3.0377
19.782,7,6.5,-3.0848
19.788,6.5,6,-2.0233
19.805,6.5,5.5,-1.873
19.812,6.5,5.5,-1.8464
19.823,6,5,-1.8643
19.832,6,5,-1.9011
19.836,6,5,-1.825
19.843,6,4.5,-2.0341
19.856,5.5,4.5,-2.5234
19.866,5.5,4,-3.5355
19.876,5.5,4,-6.6414
19.895,5.5,4,-8.3656
19.904,5.5,4,-10.23
19.912,5.5,4,-11.433
19.923,5.5,4,-11.543
19.927,5.5,4,-11.509
19.935,5.5,4.5,-10.485
19.945,6,5,-9.202
19.954,6,5.5,-8.0014
19.962,6.5,6,-6.8584
19.972,6.5,6,-5.7345
19.982,7,6.5,-5.8104
19.987,7,7,-4.9708
19.996,7.5,8,-4.348
20.007,8,8.5,-3.867
20.013,8.5,9,-3.5791
20.023,9.5,10.5,-3.4641
20.032,10.5,11.5,-3.5027
20.042,11.5,12.5,-3.7668
20.055,13,14,-4.5741
20.062,14,15,-4.4702
20.067,15.5,16.5,-5.6211
20.076,16.5,18,-7.4878
20.084,18.5,20,-9.8724
20.094,20.5,21.5,-10.113
20.105,22.5,24,-7.205
20.112,28,26,-4.8743
20.125,30,29.5,-3.496
20.132,34,33,-3.0574
20.138,38.5,37,-2.359
20.148,44.5,42,-1.8865
20.162,48,45,-1.5621
20.166,49.5,46.5,-1.2207
20.172,53.5,49.5,-0.89452
20.184,55,50.5,-0.62301
20.192,57,51.5,-0.46137
20.197,59,52.5,-0.28964
20.206,63,53.5,-0.14641
20.238,63,53.5,-0.055728
20.255,63,52,0.017927
20.262,62.5,51.5,0.082738
20.267,61,49.5,0.15366
20.282,59.5,48.5,0.21586
20.292,58,47,0.26935
20.304,55,45,0.32396
20.312,53,43,0.35468
20.317,48,43,0.42714
20.332,46.5,42,0.43774
20.337,43,36,0.46353
20.346,41,35,0.47857
20.354,38,32.5,0.48271
20.362,35,30,0.47251
20.372,32.5,27.5,0.44514
20.382,30,26,0.39909
20.392,28,23.5,0.30934
20.397,25.5,21.5,0.2135
20.406,23,19.5,0.087095
20.416,19,17.5,-0.070759
20.432,18,15.5,-0.257
20.437,16.5,14,-0.47076
20.443,14,12,-0.74027
20.455,11.5,10.5,-1.1171
20.463,10,9,-1.8559
20.472,7.5,8,-3.5007
20.482,5,6.5,-0.81956
20.492,3.5,6,-0.94723
20.498,2,5.5,0.29261
20.508,1,4.5,0.76349
20.515,0.5,4,0.96605
20.523,-0,4,1.0521
20.533,0.5,3.5,1.0839
20.542,1.5,3,1.1105
20.555,2,3,1.1538
20.561,5,3,1.3875
20.587,5.5,3.5,1.5266
20.592,4.5,5,1.8841
20.627,5.5,5.5,1.8406
20.642,5.5,5.5,1.85
20.646,6,5.5,1.9546
20.654,6.5,6,2.0677
20.666,7,6.5,2.1276
20.672,7.5,6.5,2.1174
20.683,8,7.5,2.1536
20.692,8,7.5,2.166
20.697,8.5,8,2.2486
20.706,8.5,8.5,2.374
20.715,8.5,9,2.4528
20.727,9,9.5,2.343
20.742,9.5,9.5,2.3894
20.747,9.5,9.5,2.3211
20.754,9.5,9.5,2.2121
20.761,9.5,9.5,2.128
20.772,9.5,9.5,2.1312
20.782,9.5,9.5,2.1664
20.787,9.5,9.5,2.1976
20.797,9.5,9.5,2.1634
20.804,9.5,9.5,2.0978
20.813,9,9.5,1.8937
20.823,9,9,1.6636
20.832,8.5,8.5,1.4098
20.846,8.5,8.5,1.0903
20.854,8,8.5,0.66862
20.861,7.5,8,0.057678
20.872,7,7.5,-1.0246
20.887,6.5,7,-7.5222
20.904,6.5,6.5,-4.7766
20.912,6,6,-4.8182
20.917,5.5,5.5,-3.9418
20.935,5,5.5,-4.0451
20.946,4.5,5,-4.7684
20.961,4.5,5,-4.831
20.968,4.5,5,-5.6397
20.972,4,5,-6.8902
20.985,4,5,-9.0581
20.995,3.5,5,-11.362
21.004,3.5,5,-7.8916
21.012,3.5,5.5,-4.0891
21.022,3.5,5.5,-2.0816
21.032,3.5,6,-1.6349
21.047,4,6,-1.9676
21.055,4,6.5,-2.7976
21.061,4,7,-3.8945
21.072,4.5,7.5,-3.9725
21.076,4.5,8,-4.0768
21.083,5,8.5,-3.2759
21.093,5.5,9,-2.4513
21.104,6,9.5,-1.8788
21.112,6.5,10,-1.7922
21.122,7.5,10.5,-1.8079
21.128,8,11.5,-1.9575
21.136,9.5,12.5,-2.922
21.154,11.5,15,-3.3602
21.161,14,17.5,-4.1022
21.175,15.5,20,-5.5523
21.183,16,21,-8.2385
21.192,18,23.5,-11.827
21.205,22.5,29.5,-11.638
21.221,24.5,33,-11.072
21.225,26,35,-9.5751
21.232,29.5,37.5,-8.5878
21.242,34,40.5,-7.773
21.255,38,43,-6.9279
21.262,42,45,-6.2929
21.267,47,47.5,-5.1393
21.282,50,48.5,-4.5641
21.286,51.5,49,-3.8073
21.292,54,49.5,-3.1442
21.304,56,49.5,-2.5372
21.311,58,49.5,-2.008
21.322,59,49,-1.5988
21.327,60,48.5,-1.16
21.336,60,47.5,-0.7739
21.345,60.5,47.5,-0.4333
21.355,60.5,46,-0.12957
21.362,60,45,0.13866
21.372,57.5,41,0.3683
21.392,56.5,40.5,0.56826
21.396,54.5,38.5,0.75993
21.406,52.5,36.5,0.9237
21.413,49.5,34,1.047
21.423,47,31.5,1.1295
21.432,44,29.5,1.1752
21.441,38.5,28,1.1826
21.456,36.5,27.5,1.1535
21.463,35,23.5,1.0717
21.467,32,21.5,0.98904
21.476,29,19,0.88778
21.487,27.5,19,0.77071
21.492,24,15,0.66876
21.511,22,13.5,0.52889
21.516,21,13,0.39805
21.521,19.5,12,0.25425
21.527,16.5,11,0.091828
21.541,15,9.5,-0.12682
21.546,12,9,-0.57561
21.563,10.5,7,-1.085
21.567,9.5,6,-1.0844
21.572,8,5,-0.3075
21.581,6.5,4,0.093823
21.591,5,3.5,0.34887
21.604,3,3,0.58381
21.611,2,2.5,0.69222
21.615,1.5,2.5,0.90276
21.626,1.5,2.5,0.98523
21.633,2,2.5,0.98954
21.645,2,2.5,0.83736
21.654,4,2.5,0.60657
21.681,4.5,3.5,0.62112
21.685,5,3.5,0.90894
21.692,5,4,1.145
21.704,5,4.5,1.2492
21.712,5.5,5,1.2258
21.717,6,5,1.3149
21.724,6.5,5.5,1.4397
21.731,7,5.5,1.5208
21.741,7,6,1.4626
21.754,8.5,6.5,1.7387
21.764,8.5,7,1.5377
21.771,9,7.5,1.5143
21.776,9,8.5,1.3867
21.787,9.5,9,1.4733
21.794,9.5,9.5,1.5827
21.804,9.5,10,1.6977
21.815,9.5,10.5,1.7253
21.821,9.5,10.5,1.6928
21.831,9.5,11,1.5693
21.842,9.5,11,1.5583
21.846,9.5,11,1.4028
21.854,9,11,1.4012
21.867,9,11,1.3695
21.872,9,11,1.36
21.881,8.5,11,1.399
21.892,8.5,11,1.4659
21.904,8.5,11,1.424
21.912,8,11,1.4078
21.916,8,10.5,1.3289
21.924,7.5,10.5,1.2171
21.936,7,10.5,0.86316
21.953,7,10,0.44614
21.961,6.5,10,-0.13021
21.971,6,9.5,-3.1712
21.996,5.5,9,-6.7875
22.004,5.5,8.5,-5.912
22.012,5,8.5,-5.9635
22.015,5,8,-4.5603
22.022,4.5,8,-3.5284
22.041,4.5,7.5,-3.5849
22.047,4,7.5,-3.3351
22.056,4,7.5,-3.2275
22.081,4,7,-3.2892
22.086,4,7,-3.565
22.093,3.5,7,-3.8783
22.104,3.5,7,-4.0958
22.111,4,7,-4.1678
22.116,4,7,-4.4022
22.123,4,7,-5.2034
22.132,4.5,7,-6.4858
22.141,4.5,7.5,-7.4803
22.154,4.5,7.5,-8.0634
22.161,5,8.5,-8.2676
22.181,5.5,8.5,-8.2953
22.186,5.5,8.5,-8.3957
22.191,6,9,-8.9091
22.204,6.5,9.5,-8.806
22.212,7,9.5,-8.6707
22.216,7.5,10.5,-7.102
22.226,8.5,11,-6.6173
22.241,9.5,11.5,-6.3485
22.246,10.5,12,-6.7718
22.254,11.5,13,-6.6152
22.261,15,16,-6.3316
22.281,16,17,-5.6976
22.285,23.5,24,-3.9564
22.317,25.5,25,-2.9152
22.322,27.5,27.5,-2.1752
22.331,30.5,29.5,-1.7677
22.335,33,32,-1.2714
22.341,36.5,34.5,-0.91334
22.354,41,37.5,-0.64752
22.361,45,40.5,-0.40721
22.371,48,41,-0.18818
22.381,50.5,44.5,-0.0063621
22.385,52,45.5,0.13607
22.392,54,47,0.2365
22.404,55.5,48,0.30988
22.411,57,48.5,0.36392
22.421,57.5,49,0.39998
22.431,58,49,0.44283
22.437,58,48.5,0.44099
22.455,57.5,48.5,0.46026
22.461,57,48,0.49742
22.465,55.5,47.5,0.50326
22.482,54,46,0.54307
22.486,52.5,45,0.55983
22.493,50,43,0.57466
22.505,48,42.5,0.59209
22.511,45.5,41,0.61687
22.521,43,39,0.64954
22.531,40,37,0.67031
22.541,37.5,35,0.67745
22.547,34.5,32.5,0.664
22.557,32,30.5,0.6299
22.564,29.5,28,0.58423
22.573,26.5,28,0.53282
22.585,25,24,0.48763
22.592,22.5,22.5,0.44002
22.604,20.5,20,0.40496
22.611,17.5,17.5,0.41972
22.622,15.5,16,0.49491
22.631,14,14.5,0.48006
22.637,12,13.5,0.57185
22.645,7.5,10,0.62134
22.666,5,8.5,0.51339
22.675,3,8,0.50388
22.686,2,6.5,0.68162
22.691,0.5,5,0.82648
22.703,-0,4,0.81979
22.721,-0,3,0.81991
22.725,0.5,2.5,0.94706
22.734,1.5,2,1.435
22.743,2.5,2,0.87568
22.753,3.5,2,0.53955
22.761,4,1.5,0.29288
22.771,4,1,-0.00088399
22.792,4.5,1,-0.028757
22.803,4.5,1.5,0.02574
22.811,5.5,1.5,0.024089
22.815,6,2,0.076174
22.821,8,3,0.04317
22.853,8.5,3,0.0064029
22.861,8.5,3.5,0.0058843
22.865,9,3.5,-0.015127
22.874,9.5,4.5,-0.067292
22.903,9.5,5,-0.077137
22.911,10,5,-0.08194
22.915,10,6,-0.11634
22.931,10,6,-0.12679
22.941,10,6,-0.13492
22.945,10,6.5,-0.15019
22.953,9.5,6.5,-0.16519
22.961,9.5,6.5,-0.169
22.965,9.5,7,-0.18269
22.974,9.5,7,-0.1799
22.983,9.5,7,-0.14965
22.992,9.5,6.5,-0.11361
23.003,9,6.5,-0.044185
23.021,9,6.5,-0.043877
23.026,9,6,0.0092778
23.031,8.5,6,0.085801
23.044,8.5,6,0.18826
23.057,8,5.5,0.30792
23.064,8,5.5,0.43568
23.071,7.5,5.5,0.56198
23.081,7.5,5.5,0.6871
23.096,7,5,0.8097
23.106,7,4.5,0.92844
23.116,6.5,4.5,1.0488
23.122,6.5,4,1.0999
23.135,6.5,3.5,0.87165
23.153,6.5,3.5,0.781
23.161,6,3.5,0.77948
23.166,6,3.5,0.71871
23.175,6,3.5,0.67013
23.185,6,3,0.58369
23.203,6,3,0.54954
23.211,6,3,0.52614
23.222,6,3,0.5267
23.231,6,3,0.52846
23.235,6,3,0.55991
23.247,6,3.5,0.59901
23.254,6,3.5,0.61707
23.261,6,3.5,0.59816
23.271,6,3.5,0.56067
23.281,6.5,4,0.54482
23.286,7,4,0.50361
23.303,7.5,4.5,0.50923
23.311,7.5,5,0.49168
23.315,8,5.5,0.50916
23.325,8.5,5.5,0.51877
23.332,9,6,0.50265
23.341,9.5,6.5,0.47107
23.347,11,7,0.42753
23.357,13,8.5,0.38297
23.372,13.5,9,0.33114
23.381,14.5,10,0.26742
23.385,15.5,10.5,0.19942
23.392,17.5,11.5,0.12118
23.404,19,13,0.049958
23.411,21,14.5,-0.008489
23.421,23,15.5,-0.044191
23.431,26,17.5,-0.057568
23.437,29,20,-0.039833
23.445,32.5,22,-0.0030153
23.453,37,25,0.047459
23.462,41.5,28,0.10687
23.472,45.5,31.5,0.17026
23.482,49.5,36,0.23325
23.491,54,39,0.29226
23.505,55.5,43.5,0.35179
23.511,57,45,0.39927
23.517,59.5,48.5,0.43797
23.531,60.5,49.5,0.4729
23.535,61.5,50.5,0.47896
23.543,62,51,0.45853
23.553,62,51,0.40266
23.561,62,51,0.34075
23.571,61.5,51,0.33128
23.577,61,50.5,0.28176
23.584,59.5,49.5,0.24316
23.594,57,49,0.1815
23.611,55,47,0.17282
23.615,53.5,46.5,0.13585
23.621,51,45.5,0.1083
23.631,48.5,43.5,0.11285
23.641,46,42,0.12126
23.653,43.5,40.5,0.12867
23.661,41,38,0.12659
23.666,38.5,35.5,0.14154
23.675,36,34,0.16474
23.683,34,32,0.19054
23.692,30,29,0.25993
23.711,28.5,27,0.23544
23.715,24.5,24,0.31408
23.732,23.5,23,0.29791
23.736,21.5,21.5,0.33159
23.743,16.5,17.5,0.40814
23.764,14.5,16,0.41811
23.771,12,13.5,0.41447
23.782,10.5,12.5,0.3544
23.791,6.5,10,0.11719
23.811,6,9,0.099657
23.815,4.5,7.5,0.038496
23.831,3.5,7,0.033707
23.835,2.5,6.5,0.018721
23.843,2,5.5,0.0018888
23.861,2,5,0.00080284
23.866,2,5,0.0023647
23.877,2.5,5,0.014043
23.886,3.5,4.5,0.033481
23.896,4.5,5,0.081144
23.916,4.5,5,0.13022
23.921,4.5,5,0.16655
23.926,4.5,5.5,0.23928
23.931,4,5.5,0.32612
23.941,4.5,6.5,0.402
23.953,5.5,7,0.496
23.962,6,7,0.53187
23.966,6.5,7.5,0.63701
23.981,7.5,7.5,0.72176
24.003,8,7.5,0.7328
24.011,8,8,0.75102
24.014,8.5,8,0.77904
24.021,8.5,8.5,0.79709
24.025,8.5,8.5,0.81184
24.033,8.5,8.5,0.8095
24.041,9,9,0.81694
24.053,9.5,9.5,0.84318
24.071,9.5,9.5,0.86457
24.075,9.5,9.5,0.91625
24.081,10,9.5,0.92869
24.091,10,9.5,0.93369
24.095,10,9.5,0.92492
24.103,10,9.5,0.89213
24.121,10,9.5,0.89708
24.125,10,9.5,0.85195
24.131,9.5,9,0.70416
24.153,9.5,9,0.62247
24.16,9.5,9,0.62755
24.164,9.5,9,0.578
24.174,9,8.5,0.55403
24.184,9,8.5,0.51346
24.191,8.5,8.5,0.46627
24.203,8.5,8,0.39409
24.216,8,7.5,0.24122
24.226,8,7.5,-1.8905
24.235,8,7,-1.1198
24.244,8,7,-0.92976
24.257,7.5,6.5,-0.93591
24.267,7.5,6,-1.1823
24.281,7.5,6,-1.2936
24.291,7.5,5.5,-1.3366
24.295,7.5,5.5,-1.4021
24.304,7.5,5.5,-1.4253
24.324,7.5,5.5,-1.5512
24.332,7.5,5,-1.8143
24.344,7.5,4.5,-2.2881
24.353,7.5,4.5,-2.9982
24.361,7.5,4.5,-3.1221
24.365,7.5,5,-4.1489
24.373,7.5,5,-3.9807
24.381,7.5,5,-2.9024
24.391,7.5,5,-2.2485
24.404,7.5,5.5,-1.8379
24.411,7.5,5.5,-1.9073
24.415,7.5,5.5,-1.2196
24.431,7.5,6.5,-1.2637
24.436,7.5,6.5,-0.94583
24.441,8,6.5,-0.55386
24.453,8,7.5,-0.14911
24.461,8.5,7.5,0.18517
24.471,8.5,8,0.19016
24.476,9,8,0.39204
24.483,9.5,9,0.56691
24.491,10,10,0.67846
24.504,10.5,11,0.72738
24.511,11.5,12,0.74031
24.515,12.5,13,0.50851
24.531,13.5,15.5,0.51394
24.535,15,16.5,0.067678
24.544,16,18.5,-0.78326
24.553,17.5,21,-2.3563
24.561,19,23.5,-4.7761
24.571,21,26.5,-6.673
24.581,23,29,-6.8679
24.591,26,32.5,-6.3076
24.604,30,36.5,-5.7448
24.61,33,39,-5.3813
24.615,40,42.5,-4.8172
24.631,42.5,44.5,-4.4225
24.635,47,46.5,-3.973
24.646,50.5,49,-3.4407
24.661,52,50,-3.0692
24.665,53,50.5,-2.6564
24.671,54.5,51,-2.2682
24.681,56,51.5,-1.8997
24.691,57,51.5,-1.5717
24.695,57.5,51,-1.2343
24.703,58,51,-0.91867
24.712,58,50.5,-0.62219
24.721,57.5,50,-0.34409
24.741,55,49.5,-0.087743
24.761,54,45,0.14709
24.765,53.5,44.5,0.35375
24.77,52.5,43.5,0.52271
24.774,50.5,41.5,0.656
24.785,48.5,39.5,0.74522
24.794,46.5,37.5,0.78363
24.803,44.5,35.5,0.76702
24.812,42.5,33.5,0.69273
24.821,40,31.5,0.56158
24.835,39,29,0.38074
24.841,37,27.5,0.15895
24.853,35.5,25,-0.093238
24.86,33,22.5,-0.36183
24.871,31.5,21,-0.64508
24.875,30,19,-0.92877
24.882,26.5,17,-1.0626
24.903,24.5,15.5,-1.1872
24.911,22.5,14,-1.4237
24.916,21.5,12.5,-1.277
24.921,18,10,-0.30952
24.941,14.5,9.5,3.0827
24.96,13.5,6.5,3.3641
24.964,12.5,5.5,3.8468
24.973,11.5,5,3.7556
24.981,10,4.5,3.7199
24.99,9,4,3.8223
24.996,8,3.5,3.8199
25.006,7,3,3.8149
25.014,6.5,3,3.7871
25.02,6,3,3.6871
25.03,4.5,3.5,3.4751
25.053,4.5,3.5,3.1673
25.061,4.5,4,2.9781
25.065,4.5,4.5,2.6188
25.076,4.5,4.5,2.3295
25.08,4.5,4.5,2.0772
25.091,4.5,4.5,1.8354
25.103,5,5,1.5881
25.11,5,6,1.3952
25.116,5.5,6.5,1.1776
25.125,5.5,7,0.97059
25.132,6,7.5,0.79304
25.142,6.5,8.5,0.62186
25.161,6.5,9,0.52227
25.165,6.5,9,0.41489
25.17,6,9.5,0.31737
25.18,6,9.5,0.23029
25.186,6.5,9.5,0.13635
25.195,6.5,9.5,0.05092
25.203,7,9.5,-0.024258
25.211,7,9.5,-0.089926
25.221,7.5,9.5,-0.14066
25.23,8,9.5,-0.17464
25.244,8,9.5,-0.19385
25.253,8.5,9.5,-0.19827
25.26,8.5,9,-0.20232
25.265,8.5,9,-0.18213
25.272,9,9,-0.15318
25.28,9.5,9,-0.11944
25.291,9.5,8.5,-0.082453
25.303,9.5,8.5,-0.052019
25.311,9.5,8,-0.030439
25.32,9.5,8,-0.034209
25.325,9.5,8,0.0014396
25.335,9.5,8,0.13685
25.353,9.5,7.5,0.24843
25.36,9.5,7.5,0.26613
25.364,9.5,7.5,0.42781
25.373,9,7,0.59147
25.382,9,7,0.68635
25.39,9,6.5,0.7077
25.403,8.5,6.5,0.67051
25.41,8.5,6.5,0.58605
25.416,8.5,6.5,0.5164
25.421,8.5,6,0.45702
25.43,8,6,0.38784
25.44,7.5,6,0.33144
25.473,7.5,6,0.28751
25.48,7,5.5,0.25395
25.484,7,5.5,0.21435
25.491,7,5.5,0.17357
25.495,7,5.5,0.11637
25.51,6.5,5.5,0.055366
25.514,6.5,5.5,-0.017187
25.52,6.5,5.5,-0.099445
25.526,6.5,5.5,-0.18894
25.532,6.5,6,-0.29015
25.543,6.5,6,-0.39726
25.552,6.5,6,-0.52524
25.58,6.5,6.5,-0.62787
25.584,6.5,6.5,-0.72114
25.59,6.5,7,-0.8075
25.603,6.5,7.5,-0.8934
25.611,6.5,7.5,-0.99023
25.615,6.5,8,-1.1033
25.623,6.5,8.5,-1.2738
25.632,6.5,9,-1.5194
25.64,7,9.5,-1.822
25.654,7,10,-2.1583
25.663,7,11,-2.515
25.671,7,12.5,-2.6356
25.691,6.5,13.5,-3.1038
25.695,7,14.5,-3.3761
25.703,7,15.5,-3.6797
25.71,7,17,-3.9745
25.72,7,18,-4.3047
25.731,8,22,-4.7512
25.745,8,22,-5.3542
25.752,9,22.5,-6.1407
25.762,9.5,26,-6.9129
25.77,10.5,29,-7.6189
25.775,11,30.5,-8.2962
25.78,12,33,-9.1469
25.79,13,35.5,-10.401
25.802,14.5,37,-12.038
25.81,15.5,38.5,-12.49
25.814,16.5,39.5,-14.043
25.823,18,40.5,-15.211
25.832,19.5,41,-15.824
25.841,22,41.5,-15.909
25.852,24.5,41.5,-15.571
25.86,27,41.5,-14.909
25.87,30,41,-13.992
25.876,32.5,40.5,-12.956
25.884,36,40,-11.788
25.892,39.5,39.5,-10.54
25.902,43,39,-9.263
25.91,46,38.5,-8.0044
25.92,49,37.5,-6.8034
25.93,51,37,-5.757
25.934,53,36,-4.7405
25.943,54.5,35,-3.8305
25.952,56,34.5,-3.0374
25.963,56.5,31.5,-2.3585
25.97,56.5,31,-1.7896
25.98,56.5,28.5,-1.313
25.99,56.5,28,-0.96539
25.994,56,26.5,-0.63686
26.003,55,25,-0.36409
26.01,54,23,-0.14731
26.02,52.5,22,0.03513
26.03,51,20.5,0.17266
26.04,49.5,20,0.29995
26.044,47.5,18.5,0.38319
26.053,45,17.5,0.45103
26.063,43.5,16,0.48573
26.072,41.5,15.5,0.48803
26.08,40,14.5,0.49555
26.09,38.5,13,0.5
26.096,36,12,0.52983
26.11,34.5,11.5,0.49831
26.114,33,10.5,0.46933
26.121,31,9.5,0.40314
26.13,29.5,9.5,0.31856
26.14,27.5,9,0.22359
26.152,25.5,8,0.063909
26.16,23.5,8,-0.39836
26.17,22,7,-0.30859
26.174,21,7,-0.14981
26.18,19.5,6.5,-0.053507
26.19,17.5,6.5,0.01339
26.202,16,6,0.09375
26.21,15,6,0.19072
26.216,13.5,6,0.31125
26.224,13,6,0.42456
26.231,11.5,6,0.52288
26.241,10.5,6,0.62018
26.252,9.5,6,0.6834
26.259,8.5,6,0.72151
26.27,8.5,6,0.83818
26.274,7,7,0.65383
26.291,7,7,0.71911
26.294,6.5,7,0.57248
26.302,6.5,7,0.40792
26.309,6,7.5,0.21914
26.32,6,7.5,0.22398
26.325,6,7.5,0.07023
26.333,6,8,-0.044337
26.342,6,8,-0.15946
26.352,6,8,-0.27905
26.36,6,8,-0.39794
26.373,7,8,-0.58822
26.39,7,8.5,-0.59385
26.394,7.5,8,-0.706
26.403,7.5,8,-0.85377
26.41,7,8,-0.9565
26.42,7.5,7.5,-1.0852
26.43,7.5,7.5,-1.1281
26.436,7.5,7.5,-1.2839
26.443,8,7,-1.4672
26.452,8,7,-1.6398
26.462,8.5,7,-1.8964
26.473,8.5,7,-2.1897
26.481,8.5,7,-2.5102
26.49,9,7,-2.8671
26.502,9,7,-3.2506
26.51,9.5,6.5,-3.7202
26.52,9.5,6.5,-4.28
26.53,9.5,6.5,-4.8718
26.54,9.5,6.5,-4.9933
26.544,9.5,6.5,-5.6179
26.552,9.5,6.5,-6.2679
26.561,9.5,6.5,-7.3291
26.58,9,6.5,-7.3852
26.584,9,6.5,-7.8384
26.59,9,6.5,-8.1077
26.602,9,6.5,-8.1672
26.611,9,6.5,-8.1466
26.615,8.5,6.5,-8.2307
26.631,8.5,6.5,-8.1919
26.636,8.5,6.5,-8.2709
26.64,8,6.5,-8.2765
26.663,8,6.5,-8.0045
26.68,7.5,6.5,-7.9682
26.685,7.5,6.5,-7.3682
26.691,7.5,6.5,-7.3454
26.695,7.5,6.5,-6.7814
26.703,7,6.5,-6.4186
26.71,7,6.5,-6.0559
26.72,7,6.5,-5.6642
26.73,6.5,6.5,-5.382
26.74,6.5,6.5,-5.359
26.744,6,6.5,-5.1754
26.753,6,6.5,-5.0103
26.762,5.5,6.5,-4.7268
26.781,5.5,6.5,-4.6834
26.786,5.5,6.5,-4.5277
26.79,5.5,6.5,-4.3885
26.803,5.5,6.5,-4.2566
26.811,5.5,6.5,-4.1826
26.815,5,6.5,-4.0483
26.824,5,6.5,-3.9104
26.835,5,6.5,-3.7721
26.844,5,7,-3.7078
26.853,5,7,-3.5844
26.862,5,7,-3.4642
26.871,5,7,-3.3316
26.884,5,7,-3.2052
26.902,5,7,-3.0895
26.91,5,7.5,-2.9496
26.916,5,7.5,-2.8536
26.922,5,7.5,-2.7767
26.931,5,7.5,-2.7117
26.94,5,8,-2.6679
26.956,5,8,-2.6419
26.959,5,8,-2.6315
26.97,5,8,-2.4316
26.976,5,8.5,-2.5854
26.99,5,8.5,-2.3498
26.994,5,8.5,-2.2604
27.002,5,8.5,-2.2852
27.03,5,8.5,-2.0192
27.04,5,9,-1.7717
27.045,5,9,-1.501
27.055,5,9,-1.2355
27.064,5.5,9,-1.002
27.071,5.5,9,-0.75778
27.09,5.5,9.5,-0.59878
27.093,6,9.5,-0.42141
27.102,6,9.5,-0.26095
27.111,6.5,9.5,-0.12486
27.115,6.5,9.5,0.005532
27.124,6.5,10,0.1204
27.132,6.5,10,0.22164
27.141,6.5,10.5,0.30895
27.152,6.5,10.5,0.38368
27.16,6,11,0.4216
27.17,6,11,0.45692
27.175,6,11.5,0.5074
27.19,6,12,0.51436
27.194,6,12.5,0.56482
27.202,5.5,13,0.60163
27.212,5.5,13.5,0.62331
27.219,5,13.5,0.61629
27.225,5,14,0.64967
27.234,4.5,14.5,0.68756
27.242,4.5,15,0.72855
27.252,4,15.5,0.76683
27.261,4,16.5,0.80377
27.27,3.5,17,0.83008
27.28,3,17.5,0.83621
27.302,3,18.5,0.84197
27.309,3,19,0.852
27.315,3,19.5,0.85618
27.32,2.5,20,0.87485
27.33,2.5,20.5,0.90673
27.34,2.5,21,0.94225
27.352,2,21,0.97061
27.36,2,21,0.99143
27.364,2,20.5,1.0042
27.373,1.5,20.5,1.0042
27.384,1.5,19.5,0.96698
27.402,1.5,19,0.93727
27.409,1.5,19,0.91067
27.413,1.5,18.5,0.86738
27.419,1.5,18,0.82448
27.43,1.5,18,0.77976
27.435,1.5,17.5,0.7362
27.445,1.5,17,0.68824
27.454,1.5,16.5,0.63709
27.461,1.5,16.5,0.58711
27.47,1.5,16,0.54023
27.48,1.5,16,0.50091
27.489,1.5,15,0.47571
27.509,1.5,15,0.45231
27.514,1.5,15,0.44322
27.522,1.5,15,0.44471
27.531,1.5,15,0.45612
27.54,1.5,15,0.46786
27.553,1.5,15,0.48176
27.56,1.5,14.5,0.49998
27.574,1.5,14,0.50111
27.583,1.5,14,0.45206
27.591,1.5,14,0.28304
27.602,1.5,14,0.058209
27.609,1.5,14,-0.052907
27.619,1.5,13.5,-0.085698
27.629,1.5,12.5,-0.067097
27.639,1.5,12,-0.028036
27.652,1.5,11.5,0.011497
27.66,1.5,11,0.04407
27.665,1.5,10.5,0.067644
27.673,1.5,10,0.074838
27.683,1.5,9,0.065856
27.691,1,9,0.041647
27.702,1,8.5,0.0053658
27.712,1,8.5,-0.034687
27.719,1,8,-0.070341
27.73,1,8,-0.095902
27.739,1,8,-0.10852
27.752,1,8,-0.10796
27.759,1,7.5,-0.098242
27.763,1,7.5,-0.083201
27.771,1,7.5,-0.068599
27.779,1,7,-0.061483
27.789,1,6.5,-0.062211
27.809,1,6.5,-0.078397
27.814,1,6.5,-0.095227
27.823,1,6,-0.11007
27.832,1,6,-0.11647
27.839,1,6,-0.1108
27.852,1,6,-0.086842
27.859,1,6,-0.091117
27.865,1,5.5,-0.03434
27.874,1,5.5,0.035043
27.882,1,5.5,0.10421
27.89,1,5.5,0.28526
27.91,1,5.5,0.27642
27.914,1,5.5,0.37287
27.919,1,5.5,0.43738
27.952,1,5.5,0.43355
27.959,1,5,0.44594
27.963,1,5,0.42396
27.979,1,5,0.42514
27.983,1,5,0.41228
27.989,1,5,0.40173
28.002,1,4.5,0.3985
28.01,1,4.5,0.3844
28.014,1,4.5,0.39064
28.023,1,4,0.40287
28.033,1,4,0.41745
28.041,1,4,0.42331
28.052,1,4,0.39907
28.062,1,4,0.21615
28.082,1,2.5,0.053026
28.102,1,2.5,0.01785
28.109,1,2.5,0.01841
28.114,1,2.5,-0.017063
28.12,1,2.5,-0.017415
28.125,1,2,-0.079584
28.155,1,2,-0.083516
28.164,1,2,-0.088342
28.169,1,2,-0.091189
28.173,1,2,-0.10078
28.181,1,2,-0.109
28.189,1,2,-0.11209
28.205,1,2,-0.1071
28.214,1,2,-0.099395
28.219,1,1.5,-0.10265
28.224,1,1.5,-0.094264
28.232,1,1.5,-0.081781
28.24,1,1.5,-0.058216
28.253,1,1.5,-0.024476
28.259,1,1.5,0.025522
28.269,1,1.5,0.077344
28.28,1,1.5,0.11811
28.29,1,1,0.11774
28.294,1,1,0.14023
28.303,1,1,0.16563
28.32,1,0.5,0.21335
28.329,1,0.5,0.21863
28.333,1,0.5,0.31101
28.339,1,0.5,0.42832
28.353,1,0.5,0.53631
28.359,1,0.5,0.52603
28.365,1,0,0.58771
28.373,1,0,0.63019
28.381,1,0,0.64812
28.39,1,0,0.65858
28.403,1,0,0.6791
28.42,1,0,0.694
28.424,1,0,0.72438
28.433,1,0,0.75819
28.443,1,-0.5,0.78646
28.453,1,-0.5,0.80069
28.461,1,-0.5,0.80157
28.472,1,-0.5,0.79085
28.479,1.5,-0.5,0.76162
28.489,1.5,-0.5,0.7101
28.503,1.5,-0.5,0.6401
28.509,1.5,-0.5,0.55442
28.523,1.5,-0.5,0.45756
28.529,1.5,-0.5,0.44919
28.535,1.5,-0.5,0.26489
28.553,1.5,-0.5,0.19468
28.559,1.5,-0.5,0.19144
28.563,1.5,-0.5,0.14346
28.571,1.5,-0.5,0.10418
28.58,1.5,-0.5,0.068631
28.59,1.5,-0.5,0.039393
28.603,1.5,-0.5,0.016047
28.609,1.5,-0.5,0.016319
28.614,1.5,-0.5,-0.014664
28.629,1.5,-0.5,-0.015133
28.633,1.5,-0.5,-0.024415
28.64,1.5,-0.5,-0.032117
28.653,1.5,-0.5,-0.042236
