0.86643,0,-9.36,2.2245
0.88112,0,-9.36,2.1824
0.89803,0,-9.36,2.1422
0.90695,0,-9.36,2.1066
0.92164,0,-9.36,2.0777
0.93831,0,-9.36,2.0557
0.95995,0,-9.36,2.039
0.97916,0,-9.36,2.0261
0.99189,0,-9.36,2.0159
1.0152,0,-9.36,2.008
1.0235,0,-9.36,2.003
1.051,0,-9.36,2.0019
1.0693,0,-9.36,2.0056
1.0792,0,-9.36,2.0133
1.1299,0,-9.36,2.0231
1.1377,0,-9.36,2.0332
1.1501,0,-9.36,2.0423
1.1856,0,-9.36,2.0492
1.1935,0,-9.36,2.0526
1.2024,0,-9.36,2.0523
1.2251,0,-9.36,2.0484
1.2441,0,-9.36,2.0417
1.2572,0,-9.36,2.0331
1.2728,0,-9.36,2.0232
1.2937,0,-9.36,2.0127
1.3087,0,-9.36,2.0022
1.3275,0,-9.36,1.992
1.3488,0,-9.36,1.9823
1.3662,0,-9.36,1.9734
1.3829,0,-9.36,1.965
1.4078,0,-9.36,1.9571
1.4228,0,-9.36,1.9509
1.4351,0,-9.36,1.9474
1.4528,0,-9.36,1.948
1.4746,0,-9.36,1.9528
1.4885,0,-9.36,1.9608
1.5163,0,-9.36,1.9699
1.5331,0,-9.36,1.9788
1.5458,0,-9.36,1.9869
1.561,0,-9.36,1.9934
1.5821,0,-9.36,1.9967
1.5999,0,-9.36,1.9951
1.6171,0,-9.36,1.9884
1.677,0,-9.36,1.9777
1.6845,0,-9.36,1.9649
1.6964,0,-9.36,1.9522
1.7164,0,-9.36,1.9407
1.7361,0,-9.36,1.931
1.7657,0,-9.36,1.923
1.7752,0,-9.36,1.9172
1.7891,0,-9.36,1.9145
1.8066,0,-9.36,1.9153
1.8234,0,-9.36,1.9202
1.8422,0,-9.36,1.9295
1.8595,0,-9.36,1.9432
1.8927,0,-9.36,1.9609
1.9005,0,-9.36,1.9815
1.9174,0,-9.36,2.0028
1.9412,0,-9.36,2.0218
1.9599,0,-9.36,2.0362
1.975,0,-9.36,2.0445
2.0044,0,-9.36,2.0465
2.0168,0,-9.36,2.0427
2.0318,0,-9.36,2.0341
2.0479,0,-9.36,2.022
2.0699,0,-9.36,2.0074
2.085,0,-9.36,1.9917
2.1088,0,-9.36,1.9762
2.1264,0,-9.36,1.9626
2.1444,0,-9.36,1.9524
2.1576,0,-9.36,1.9464
2.1749,0,-9.36,1.9445
2.1918,0,-9.36,1.9461
2.2101,0,-9.36,1.9504
2.2604,0,-9.36,1.9558
2.2737,0,-9.36,1.9615
2.2854,0,-9.36,1.9677
2.3071,0,-9.36,1.975
2.3184,0,-9.36,1.9836
2.3454,0,-9.36,1.9933
2.3589,0,-9.36,2.0035
2.3721,0,-9.36,2.0134
2.3927,0,-9.36,2.0221
2.4108,0,-9.36,2.0288
2.4325,0,-9.36,2.0327
2.449,0,-9.36,2.0328
2.476,0,-9.36,2.0276
2.4909,0,-9.36,2.0156
2.5027,0,-9.36,1.9967
2.5213,0,-9.36,1.973
2.5434,0,-9.36,1.9476
2.5571,0,-9.36,1.9242
2.5752,0,-9.36,1.9055
2.6002,0,-9.36,1.8935
2.6159,0,-9.36,1.8893
2.6286,0,-9.36,1.8925
2.6457,0,-9.36,1.9016
2.6637,0,-9.36,1.9147
2.6814,0,-9.36,1.93
2.7112,0,-9.36,1.946
2.7476,0,-9.36,1.9612
2.7559,0,-9.36,1.9747
2.772,0,-9.36,1.9852
2.799,0,-9.36,1.9916
2.8105,0,-9.36,1.9927
2.8345,0,-9.36,1.9885
2.8527,0,-9.36,1.9802
2.8663,0,-9.36,1.97
2.8829,0,-9.36,1.9595
2.9017,0,-9.36,1.9492
2.9199,0,-9.36,1.9391
2.9814,0,-9.36,1.9286
2.9929,0,-9.36,1.9173
3.0071,0,-8.64,1.9057
3.0223,0,-8.64,1.8943
3.0332,0,-8.64,1.8842
3.0627,0,-8.64,1.8759
3.0702,0,-8.64,1.8699
3.0824,0,-8.64,1.8666
3.0973,0,-8.64,1.866
3.1176,0,-8.64,1.8682
3.1449,0,-8.64,1.8741
3.1541,0,-8.64,1.8841
3.1753,0,-8.64,1.898
3.1912,0,-8.64,1.9146
3.2297,0,-8.64,1.9321
3.2378,0,-8.64,1.9493
3.2456,0,-8.64,1.9655
3.259,0,-8.64,1.9813
3.2767,0,-8.64,1.9978
3.3075,0,-8.64,2.0157
3.3153,0,-8.64,2.0346
3.3308,0,-8.64,2.0531
3.3481,0,-8.64,2.0695
3.3656,0,-8.64,2.0822
3.385,0,-8.64,2.0902
3.4051,0,-8.64,2.0929
3.431,0,-8.64,2.0906
3.4403,0,-8.64,2.0845
3.466,0,-8.64,2.076
3.565,0,-8.64,2.0667
3.5894,0,-8.64,2.058
3.6321,0,-8.64,2.051
3.6394,0,-8.64,2.0465
3.6704,0,-8.64,2.0448
3.6832,0,-8.64,2.0448
3.7285,0,-8.64,2.0445
3.7409,0,-8.64,2.0411
3.751,0,-8.64,2.0329
3.7647,0,-8.64,2.019
3.7875,0,-8.64,2.0001
3.7947,0,-8.64,1.9773
3.8105,0,-8.64,1.9531
3.8306,0,-8.64,1.9295
3.851,0,-8.64,1.9073
3.8698,0,-8.64,1.8867
3.8868,0,-8.64,1.868
3.9083,0,-8.64,1.852
3.9198,0,-8.64,1.8396
3.9789,0,-8.64,1.832
3.9891,0,-8.64,1.8302
4.0124,0,-8.64,1.8349
4.0376,0,-8.64,1.8461
4.0454,0,-8.64,1.8629
4.0527,0,-8.64,1.883
4.1112,0,-8.64,1.9044
4.1321,0,-8.64,1.9255
4.1628,0,-8.64,1.9451
4.1701,0,-8.64,1.962
4.1855,0,-8.64,1.9755
4.2045,0,-8.64,1.9853
4.2215,0,-8.64,1.9914
4.2407,0,-8.64,1.9935
4.2597,0,-8.64,1.9918
4.279,0,-8.64,1.9864
4.2981,0,-8.64,1.9777
4.32,0,-8.64,1.9662
4.3373,0,-8.64,1.9531
4.3528,0,-8.64,1.9398
4.3797,0,-8.64,1.928
4.3912,0,-8.64,1.92
4.4072,0,-8.64,1.9174
4.4259,0,-8.64,1.9206
4.4564,0,-8.64,1.9285
4.4642,0,-8.64,1.939
4.495,0,-8.64,1.9507
4.5024,0,-8.64,1.9627
4.5159,0,-8.64,1.9743
4.5411,0,-8.64,1.9849
4.5505,0,-8.64,1.9945
4.5691,0,-8.64,2.0037
4.5912,0,-8.64,2.0136
4.6259,0,-8.64,2.0242
4.6358,0,-8.64,2.0346
4.648,0,-8.64,2.043
4.6655,0,-8.64,2.048
4.6846,0,-8.64,2.0495
4.7447,0,-8.64,2.0484
4.7557,0,-8.64,2.0463
4.768,0,-8.64,2.0448
4.7865,0,-8.64,2.0438
4.8029,0,-8.64,2.0427
4.8239,0,-8.64,2.0398
4.851,0,-8.64,2.0347
4.8699,0,-8.64,2.0277
4.878,0,-8.64,2.0191
4.8916,0,-8.64,2.0086
4.916,0,-8.64,1.9956
4.9286,0,-8.64,1.9795
4.9527,0,-8.64,1.96
4.976,0,-8.64,1.9382
4.9877,0,-8.64,1.916
5.0039,0,-8.64,1.8953
5.0238,0,-8.64,1.8773
5.0454,0,-8.64,1.8637
5.069,0,-8.64,1.8563
5.0898,0,-8.64,1.8565
5.1039,0,-8.64,1.8647
5.1231,-0.040223,-8.64,1.8803
5.1395,-0.72,-8.64,1.9024
5.1589,-0.72,-8.64,1.9297
5.1756,-0.72,-8.64,1.9594
5.2014,-0.72,-8.64,1.9883
5.2142,-0.72,-8.64,2.0129
5.2307,-0.72,-8.64,2.0308
5.2476,-0.72,-8.64,2.0407
5.2782,-0.72,-8.64,2.0435
5.2896,-0.72,-8.64,2.042
5.3075,-0.72,-8.64,2.0392
5.3262,-0.72,-8.64,2.0368
5.3458,-0.72,-8.64,2.0348
5.3623,-0.72,-8.64,2.032
5.3928,-0.72,-8.64,2.0268
5.4032,-0.72,-8.64,2.0185
5.4208,-0.72,-8.64,2.0065
5.4435,-0.72,-8.64,1.9903
5.4571,-0.72,-8.64,1.9696
5.4781,-0.72,-8.64,1.9443
5.4959,-0.72,-8.64,1.9153
5.5156,-0.72,-8.64,1.8847
5.5323,-0.72,-8.64,1.8543
5.5657,-0.72,-8.64,1.8256
5.5756,-0.72,-8.64,1.8002
5.5888,-0.72,-8.64,1.7794
5.6139,-0.72,-8.64,1.7649
5.6319,-0.72,-8.64,1.7582
5.641,-0.72,-8.64,1.7597
5.6616,-0.72,-8.64,1.7684
5.6821,-0.72,-8.64,1.7831
5.6969,-0.72,-8.64,1.8023
5.7123,-0.72,-8.64,1.8236
5.7334,-0.72,-8.64,1.8445
5.7493,-0.72,-8.64,1.8622
5.7672,-0.72,-8.64,1.875
5.7979,-0.72,-8.64,1.8825
5.8086,-0.72,-8.64,1.8857
5.8244,-0.72,-8.64,1.8865
5.8408,-0.72,-8.64,1.8869
5.873,-0.72,-8.64,1.888
5.8808,-0.72,-8.64,1.8906
5.9093,-0.72,-8.64,1.8945
5.9235,-0.72,-8.64,1.8992
5.9327,-0.72,-8.64,1.9044
5.9483,-0.72,-8.64,1.9092
5.9661,-0.72,-8.64,1.9121
5.9876,-0.72,-8.64,1.9123
6.0073,-0.72,-8.64,1.9101
6.04,-0.72,-8.64,1.907
6.0495,-0.72,-8.64,1.9047
6.0602,-0.72,-8.64,1.9045
6.0743,-0.72,-8.64,1.9072
6.0928,-0.72,-8.64,1.9126
6.1094,-0.72,-8.64,1.9193
6.1271,-0.72,-8.64,1.9259
6.1692,-0.72,-8.64,1.9314
6.1852,-0.72,-8.64,1.936
6.1935,-0.72,-8.64,1.9398
6.2075,-0.72,-8.64,1.9431
6.2231,-0.72,-8.64,1.9463
6.242,-0.72,-8.64,1.9498
6.2756,-0.72,-8.64,1.9534
6.2881,-0.72,-8.64,1.9564
6.2992,-0.72,-8.64,1.9583
6.3171,-0.72,-8.64,1.9586
6.3373,-0.72,-8.64,1.9567
6.3552,-0.72,-8.64,1.9526
6.3748,-0.72,-8.64,1.9465
6.3926,-0.72,-8.64,1.9396
6.4123,-0.72,-8.64,1.9332
6.4283,-0.72,-8.64,1.9289
6.505,-0.72,-8.64,1.9277
6.5132,-0.72,-8.64,1.9297
6.5226,-0.72,-8.64,1.934
6.5381,-0.72,-8.64,1.9401
6.5525,-0.72,-8.64,1.9478
6.5719,-0.72,-8.64,1.9559
6.5898,-0.72,-8.64,1.9632
6.6101,-0.72,-8.64,1.9683
6.6429,-0.72,-8.64,1.9707
6.651,-0.72,-8.64,1.9699
6.6631,-0.72,-8.64,1.966
6.6787,-0.72,-8.64,1.9598
6.697,-0.72,-8.64,1.9522
6.716,-0.72,-8.64,1.9446
6.7456,-0.72,-8.64,1.9385
6.7675,-0.72,-8.64,1.9357
6.7775,-0.72,-8.64,1.9365
6.7984,-0.72,-8.64,1.9406
6.8241,-0.72,-8.64,1.9467
6.8368,-0.72,-8.64,1.9536
6.8797,-0.72,-8.64,1.96
6.8939,-0.72,-8.64,1.9647
6.9065,-0.72,-8.64,1.9666
6.9293,-0.72,-8.64,1.9657
6.9433,-0.72,-8.64,1.9623
6.9655,-0.72,-8.64,1.9567
7.0371,-0.72,-7.92,1.9491
7.0474,-0.72,-7.92,1.9379
7.125,-0.72,-7.92,1.9247
7.1353,-0.72,-7.92,1.9092
7.1571,0,-7.92,1.8934
7.1733,0,-7.92,1.878
7.1853,0,-7.92,1.8629
7.2025,0,-7.92,1.8472
7.2216,0.51333,-7.92,1.8304
7.2388,0.72,-7.92,1.813
7.2582,1.1455,-7.92,1.7959
7.2777,1.44,-7.92,1.7798
7.3,1.44,-7.2,1.7658
7.3241,2.16,-7.2,1.7547
7.3476,2.16,-7.2,1.7461
7.361,2.16,-7.2,1.7391
7.3757,2.16,-7.2,1.7323
7.3915,2.3431,-6.48,1.7244
7.4112,2.88,-6.48,1.7146
7.429,2.88,-6.48,1.7024
7.453,2.88,-6.48,1.6884
7.4771,2.88,-5.76,1.6743
7.4859,2.88,-5.76,1.6626
7.5046,2.88,-5.76,1.6554
7.5267,2.88,-5.04,1.6539
7.5382,2.88,-5.04,1.6574
7.5591,3.24,-4.32,1.663
7.5793,3.6,-3.6,1.667
7.5942,3.6,-2.88,1.666
7.6124,3.6,-2.16,1.6581
7.6308,3.6,-1.44,1.643
7.6507,3.6,0,1.6225
7.6668,4.32,0.72,1.5996
7.6893,4.32,0.72,1.5763
7.7073,4.32,2.16,1.5609
7.7241,4.32,2.88,1.5576
7.7435,4.32,3.6,1.5652
7.8242,3.6,6.48,1.5641
7.834,3.6,6.48,1.6009
7.8438,3.6,6.48,1.6453
7.8554,3.6,6.48,1.6929
7.8715,3.6,6.48,1.7395
7.8898,3.6,6.48,1.7847
7.9074,2.88,6.48,1.8222
7.9318,2.88,5.76,1.8528
7.9641,2.88,5.76,1.877
7.9763,2.88,5.04,1.8896
7.9955,2.88,5.04,1.891
8.006,2.7257,5.04,1.8777
8.0172,2.16,4.32,1.8507
8.0495,2.16,3.6,1.8162
8.0579,2.16,3.6,1.7504
8.076,2.16,2.88,1.6629
8.091,2.16,2.88,1.5423
8.1382,1.44,1.44,1.391
8.158,1.44,1.44,1.1935
8.1762,1.44,1.44,0.95661
8.1841,1.44,0.72,0.68406
8.198,1.44,0.72,0.38005
8.2058,1.44,0.72,0.047822
8.222,1.44,0,-0.30584
8.2382,1.44,0,-0.67309
8.2552,1.44,0,-1.0441
8.2826,1.44,-0.72,-1.4073
8.2946,1.44,-0.72,-1.7495
8.3104,1.44,-0.72,-2.0581
8.3291,1.44,-0.72,-2.3221
8.3453,1.44,-0.72,-2.5314
8.3735,1.44,-0.72,-2.6774
8.4259,2.029,-0.72,-2.7523
8.4398,2.16,-0.72,-2.7561
8.4512,2.16,0,-2.6898
8.4656,2.16,0,-2.5582
8.4789,2.88,0,-2.3712
8.4965,2.88,0,-2.1416
8.5253,2.88,0.72,-1.8808
8.5393,2.88,0.72,-1.6118
8.5538,2.88,0.72,-1.3452
8.5731,2.88,1.44,-1.093
8.5904,2.88,1.44,-0.86244
8.6088,2.88,1.44,-0.65568
8.6273,2.88,1.44,-0.47183
8.6473,2.88,1.44,-0.30817
8.6608,2.88,1.44,-0.16032
8.6809,2.88,1.44,-0.023099
8.6993,2.88,1.44,0.10876
8.7172,2.88,1.44,0.23915
8.7381,3.3645,1.44,0.37061
8.7613,3.6,1.44,0.50615
8.7772,3.6,1.44,0.64679
8.8018,3.6,0.72,0.78922
8.8172,3.6,0.72,0.93009
8.8378,3.6,0.72,1.066
8.8568,3.6,0.72,1.1989
8.8912,2.9202,0,1.3279
8.8995,2.88,-0.72,1.451
8.9139,2.88,-0.72,1.5657
8.9329,2.6754,-1.44,1.6699
8.9633,2.16,-1.44,1.7526
9.0056,1.44,-2.16,1.8273
9.0197,1.44,-2.16,1.8845
9.0429,0.72,-2.16,1.9229
9.084,0.72,-2.88,1.9303
9.1138,0.72,-2.88,1.9206
9.1307,0.72,-2.88,1.8824
9.152,0.72,-3.6,1.8202
9.1699,0.72,-3.6,1.7294
9.1907,0.72,-3.6,1.6104
9.2076,0.72,-3.6,1.4695
9.2319,0,-3.6,1.3075
9.2484,0,-3.6,1.127
9.2642,0,-3.6,0.9355
9.2811,0,-3.6,0.73726
9.2992,0,-3.6,0.53597
9.3199,0,-3.6,0.33547
9.3641,0,-4.32,0.14065
9.3781,0,-4.32,-0.044433
9.3885,-0.42637,-4.32,-0.21807
9.4021,-0.23351,-4.32,-0.38039
9.428,0,-4.32,-0.53353
9.4355,0,-4.32,-0.68189
9.4507,0,-4.32,-0.83062
9.4727,0.72,-4.32,-0.98352
9.4914,0.72,-4.32,-1.1418
9.5104,0.72,-4.32,-1.308
9.5288,0.72,-4.32,-1.4799
9.5499,0.72,-4.32,-1.6608
9.5679,0.72,-3.6,-1.8481
9.6042,1.2798,-3.6,-2.0411
9.6123,1.44,-3.6,-2.2408
9.6275,1.44,-3.6,-2.4475
9.6413,1.44,-3.6,-2.6558
9.6619,1.44,-3.6,-2.8622
9.6792,1.44,-3.6,-3.0547
9.695,1.44,-3.6,-3.2215
9.7202,1.44,-2.88,-3.3403
9.7314,1.44,-2.88,-3.4151
9.7522,1.44,-2.88,-3.4166
9.7718,2.16,-2.16,-3.3366
9.789,2.16,-2.16,-3.1782
9.8106,2.16,-1.44,-2.9289
9.8297,2.16,0,-2.5977
9.8463,2.16,0.72,-2.2153
9.8667,2.7218,1.44,-1.7806
9.8907,3.3848,2.88,-1.3155
9.9083,3.6,2.88,-0.85856
9.9388,4.32,4.32,-0.41943
9.9551,4.32,6.48,-0.028773
9.997,5.04,8.64,0.29986
10.016,5.4946,12.24,0.56347
10.03,5.76,13.68,0.76234
10.073,6.48,21.6,0.89582
10.088,6.48,23.76,0.98895
10.098,6.48,25.2,1.056
10.111,6.48,26.64,1.1084
10.169,6.48,27.36,1.1876
10.21,6.4214,30.24,1.3024
10.217,6.0024,30.24,1.4101
10.253,5.04,29.52,1.5523
10.267,4.6169,28.8,1.6764
10.274,4.32,28.08,1.7762
10.286,4.32,27.36,1.8598
10.322,3.6,25.2,1.9574
10.33,3.2466,24.48,1.9771
10.347,2.88,23.04,1.9846
10.355,2.88,22.32,1.9428
10.378,2.16,19.44,1.8679
10.39,2.16,18.72,1.7385
10.424,2.16,16.56,1.5569
10.432,2.16,15.12,1.3183
10.446,1.6349,13.68,1.0292
10.484,1.44,10.8,0.69124
10.494,1.44,10.08,0.32878
10.507,1.44,9.36,-0.046421
10.563,1.44,6.48,-0.39818
10.663,2.16,2.88,-0.68992
10.671,2.16,2.16,-0.91635
10.686,2.16,2.16,-1.0572
10.704,2.16,2.16,-1.1063
10.73,2.16,2.16,-1.0777
10.743,2.16,2.16,-0.9823
10.769,2.16,2.16,-0.84647
10.78,2.16,2.16,-0.67827
10.797,2.16,2.16,-0.50293
10.817,2.3752,2.16,-0.33405
10.834,2.88,2.16,-0.17532
10.854,3.0359,2.88,-0.029295
10.871,3.6,2.88,0.10826
10.893,3.8511,2.88,0.24282
10.906,4.32,2.88,0.37913
10.922,4.32,2.88,0.51935
10.944,5.04,2.88,0.66267
10.978,5.04,2.88,0.80368
10.986,5.04,2.88,0.93565
11.003,4.9864,2.88,1.0532
11.018,4.32,2.88,1.1516
11.031,4.32,2.88,1.2288
11.049,3.7883,2.16,1.281
11.069,3.6,2.16,1.3077
11.096,2.88,1.44,1.3114
11.124,2.16,0.72,1.2952
11.152,2.16,0.72,1.2618
11.174,1.7039,0.72,1.2172
11.257,0.72,-0.72,1.1664
11.264,0.72,-0.72,1.1102
11.329,0.72,-1.44,1.053
11.337,0.72,-1.44,0.9873
11.349,0.72,-1.44,0.90993
11.37,0.51895,-1.44,0.81661
11.399,0,-2.16,0.70304
11.407,0,-2.16,0.56462
11.42,0,-2.16,0.39994
11.439,-0.52565,-2.88,0.20767
11.459,-0.72,-2.88,-0.012937
11.514,-0.72,-3.6,-0.26173
11.522,-0.72,-3.6,-0.53659
11.533,-0.72,-3.6,-0.83431
11.632,0.03321,-4.32,-1.1518
11.642,0.63432,-4.32,-1.479
11.656,1.3742,-4.32,-1.8127
11.67,1.4534,-4.32,-2.1494
11.686,2.16,-4.32,-2.4867
11.707,2.8666,-4.32,-2.8182
11.728,2.88,-4.32,-3.1403
11.744,2.88,-4.32,-3.4445
11.762,2.88,-4.32,-3.7259
11.778,2.88,-4.32,-3.9762
11.796,2.88,-4.32,-4.1855
11.816,2.88,-4.32,-4.3469
11.839,2.88,-4.32,-4.4484
11.853,2.88,-4.32,-4.4937
11.87,2.88,-3.6,-4.4762
11.889,3.2434,-3.6,-4.3953
11.911,3.6,-3.6,-4.2442
11.935,4.4609,-2.88,-4.0403
11.965,5.4704,-1.44,-3.7545
11.978,5.76,-1.44,-3.4745
11.99,6.1602,-0.72,-3.1479
12.005,6.48,0,-2.7621
12.036,7.2,1.44,-2.3138
12.044,7.2,2.88,-1.8694
12.074,7.92,4.32,-1.389
12.086,7.92,5.04,-0.91091
12.101,7.92,7.2,-0.44112
12.122,7.9877,8.64,0.0021811
12.147,8.64,11.52,0.40077
12.176,8.64,15.12,0.74709
12.2,7.92,19.44,1.0367
12.208,7.92,21.6,1.2571
12.22,7.92,23.76,1.4145
12.241,7.92,25.92,1.5146
12.261,7.92,28.8,1.5642
12.278,7.92,30.24,1.5738
12.309,7.3267,32.4,1.5776
12.322,7.2,33.12,1.54
12.334,7.2,33.84,1.4834
12.349,7.2,33.84,1.4199
12.368,7.2,33.84,1.3374
12.387,7.2,33.84,1.234
12.406,7.2,32.4,1.0879
12.431,7.2,31.68,0.90677
12.45,7.2,30.24,0.68769
12.466,6.9708,28.8,0.43847
12.485,6.48,26.64,0.16478
12.506,6.1069,25.2,-0.12321
12.525,5.76,21.6,-0.41304
12.556,5.04,18.72,-0.68161
12.567,5.04,17.28,-0.92718
12.582,4.6176,15.84,-1.1281
12.599,4.32,15.12,-1.2653
12.619,4.32,13.68,-1.3453
12.638,4.2941,11.52,-1.3585
12.667,3.6,9.36,-1.3128
12.677,3.6,8.64,-1.2128
12.693,3.6,7.92,-1.0601
12.71,3.6,7.2,-0.86383
12.729,3.6,6.48,-0.6368
12.749,3.6,5.04,-0.39062
12.763,3.6,4.32,-0.1367
12.787,3.6,4.32,0.11387
12.799,3.6,3.6,0.35117
12.818,3.6,3.6,0.56905
12.836,3.6,3.6,0.76159
12.856,3.6,3.6,0.93395
12.879,3.6,3.6,1.0781
12.912,3.6,3.6,1.2056
12.921,4.0889,3.6,1.3047
12.93,4.32,3.6,1.392
12.946,4.32,3.6,1.4723
12.967,4.32,2.88,1.5466
12.984,4.32,2.88,1.6152
13.002,5.04,2.88,1.6787
13.024,4.42,2.88,1.7373
13.059,4.32,2.88,1.7905
13.068,4.32,2.88,1.8343
13.078,4.4389,2.88,1.8723
13.095,4.7021,2.88,1.907
13.11,4.32,2.88,1.9404
13.143,3.6,2.16,1.9723
13.158,3.6,2.16,2.0011
13.171,3.6,2.16,2.0244
13.203,3.6,1.44,2.0418
13.223,2.88,1.44,2.0542
13.266,2.88,1.44,2.0583
13.284,2.88,0.72,2.0532
13.318,2.16,0.72,2.0365
13.342,2.16,0,2.0098
13.366,1.7068,0,1.9717
13.388,1.44,0,1.9228
13.4,1.44,0,1.8638
13.435,1.3663,-0.72,1.7952
13.448,0.72,-0.72,1.7155
13.462,0.72,-0.72,1.6243
13.486,0,-0.72,1.5218
13.502,-0.28428,-0.72,1.4083
13.522,-0.72,-1.44,1.2853
13.542,-0.72,-1.44,1.1556
13.564,-0.72,-1.44,1.0237
13.579,-0.72,-1.44,0.89326
13.599,-0.72,-2.16,0.76531
13.62,-0.72,-2.16,0.63725
13.633,-0.16252,-2.16,0.5037
13.655,0,-2.16,0.35783
13.67,0,-2.88,0.19244
13.69,0.72,-2.88,0.00164
13.717,1.44,-2.88,-0.21763
13.742,2.16,-2.88,-0.46524
13.75,2.16,-2.88,-0.73947
13.762,2.7819,-2.88,-1.0366
13.777,2.88,-2.88,-1.3514
13.794,2.88,-2.88,-1.6753
13.812,2.88,-2.88,-1.9953
13.831,3.1358,-2.88,-2.2974
13.853,3.6,-2.16,-2.5627
13.869,3.6,-1.44,-2.7756
13.89,3.6598,-1.44,-2.9184
13.904,4.32,-0.72,-2.9819
13.931,4.32,0.72,-2.952
13.942,4.32,1.44,-2.8389
13.985,5.531,3.6,-2.638
13.993,5.76,4.32,-2.3819
14.055,6.48,10.08,-2.0798
14.09,7.2,11.52,-1.7563
14.128,7.92,18.72,-1.4217
14.137,7.92,20.88,-1.0959
14.151,7.92,22.32,-0.7846
14.172,8.4199,24.48,-0.49416
14.197,8.64,25.92,-0.22837
14.216,8.64,26.64,0.013595
14.235,8.64,27.36,0.2303
14.288,8.64,26.64,0.42152
14.314,8.64,25.92,0.57893
14.324,8.64,25.2,0.69704
14.334,8.64,24.48,0.77561
14.342,8.64,23.76,0.81539
14.361,8.64,23.04,0.8206
14.377,8.6065,21.6,0.7962
14.414,7.92,18,0.74894
14.422,7.92,16.56,0.68715
14.453,7.0933,13.68,0.61876
14.462,6.5666,12.24,0.55414
14.475,6.48,11.52,0.50133
14.491,6.355,10.08,0.46829
14.509,5.76,9.36,0.4603
14.53,5.04,7.2,0.47941
14.551,5.04,5.76,0.52368
14.573,4.32,4.32,0.58724
14.586,4.32,4.32,0.66035
14.604,3.6,3.6,0.73135
14.623,3.6,3.6,0.78558
14.64,3.6,2.88,0.80908
14.656,3.6,2.88,0.78774
14.686,3.6,3.6,0.70907
14.695,3.6,3.6,0.57028
14.713,3.6,3.6,0.36944
14.733,3.6,2.88,0.11427
14.752,3.6,2.88,-0.17807
14.772,3.6,2.88,-0.48735
14.798,3.6,2.88,-0.79233
14.817,3.6,3.6,-1.0786
14.828,3.6,3.6,-1.3256
14.845,4.32,3.6,-1.5141
14.872,5.04,3.6,-1.6219
14.883,5.04,3.6,-1.6956
14.926,4.5667,2.88,-1.7123
14.944,4.32,2.88,-1.6888
14.955,4.32,2.88,-1.6346
14.968,4.32,2.16,-1.5516
14.983,4.8898,2.16,-1.4397
15.005,4.32,2.16,-1.3317
15.021,4.32,2.16,-1.2156
15.053,4.32,1.44,-1.0831
15.067,4.32,1.44,-0.95423
15.08,4.32,1.44,-0.82862
15.087,4.32,0.72,-0.71234
15.125,3.6,0.72,-0.60755
15.137,3.6,0.72,-0.51616
15.162,2.88,0,-0.44522
15.188,2.88,0,-0.39962
15.208,2.3154,-0.72,-0.37941
15.247,1.5376,-0.72,-0.38759
15.277,1.44,-1.44,-0.42532
15.299,0.8269,-1.44,-0.49483
15.317,0.72,-1.44,-0.5968
15.365,0.7133,-1.44,-0.73411
15.395,0,-1.44,-0.90284
15.403,-0.071802,-1.44,-1.1018
15.412,-0.56322,-1.44,-1.3332
15.427,-0.72,-1.44,-1.5972
15.454,-0.72,-1.44,-1.8926
15.509,-0.31018,-1.44,-2.2085
15.52,0,-1.44,-2.5231
15.53,0,-1.44,-2.8327
15.545,0,-1.44,-3.1248
15.576,0.62594,-0.72,-3.3837
15.608,1.7508,-0.72,-3.5985
15.637,3.4484,0.72,-3.7636
15.653,4.3403,0.72,-3.8629
15.69,5.7667,1.44,-3.8796
15.699,6.2935,2.16,-3.8412
15.776,8.64,5.76,-3.7541
15.786,8.9531,6.48,-3.5989
15.799,9.36,7.92,-3.3955
15.819,9.4521,8.64,-3.1527
15.836,10.08,11.52,-2.8689
15.857,10.8,12.96,-2.55
15.875,11.186,15.12,-2.2037
15.892,11.52,20.16,-1.8404
15.928,12.819,25.2,-1.4613
15.939,12.96,27.36,-1.0971
15.959,12.96,30.24,-0.74584
15.987,12.24,31.68,-0.4175
15.998,12.24,33.12,-0.10519
16.007,12.24,33.12,0.18278
16.03,12.24,33.12,0.44496
16.047,12.24,33.12,0.67623
16.072,12.24,32.4,0.88417
16.082,12.24,31.68,1.0549
16.105,11.52,30.24,1.2019
16.115,11.52,29.52,1.3202
16.135,10.8,28.8,1.4293
16.15,10.607,27.36,1.514
16.173,9.9928,25.2,1.5908
16.187,9.36,24.48,1.6537
16.206,8.7882,23.76,1.7082
16.23,8.1399,21.6,1.7524
16.244,7.92,20.88,1.7886
16.26,7.2,20.16,1.8177
16.277,6.9246,18,1.8379
16.3,6.48,16.56,1.846
16.313,6.3198,15.84,1.8406
16.332,5.76,13.68,1.8157
16.351,5.5797,12.96,1.7675
16.368,5.04,12.24,1.6925
16.396,5.04,10.08,1.5843
16.416,4.32,7.92,1.447
16.427,4.32,7.2,1.2813
16.441,4.32,6.48,1.0887
16.489,4.32,4.32,0.87607
16.502,4.32,3.6,0.65363
16.514,4.32,3.6,0.43352
16.54,4.32,3.6,0.23087
16.559,4.32,2.88,0.062185
16.58,4.32,2.88,-0.059149
16.589,4.3846,2.88,-0.12422
16.611,5.04,2.88,-0.12859
16.627,5.04,2.88,-0.074931
16.647,5.04,2.88,0.029687
16.664,5.76,2.88,0.17398
16.681,5.76,2.88,0.34651
16.7,5.76,2.16,0.53512
16.72,5.76,2.16,0.72913
16.734,5.76,2.16,0.91872
16.755,5.76,2.16,1.0935
16.805,5.5552,2.88,1.2519
16.839,5.04,2.88,1.3914
16.846,5.04,2.88,1.498
16.865,4.9998,2.88,1.5762
16.884,4.32,2.16,1.6303
16.902,4.32,2.16,1.6662
16.942,3.6,1.44,1.6903
16.962,3.6,1.44,1.6944
16.993,2.88,0.72,1.6753
17.014,2.88,0.72,1.653
17.04,2.16,0,1.619
17.062,2.16,-0.72,1.573
17.083,2.16,-0.72,1.5199
17.102,2.16,-0.72,1.456
17.121,2.16,-0.72,1.387
17.139,2.16,-1.44,1.3113
17.155,2.16,-1.44,1.2283
17.186,2.16,-1.44,1.1337
17.196,2.16,-2.16,1.0355
17.208,2.16,-2.16,0.9306
17.239,1.44,-2.16,0.81934
17.248,1.44,-2.16,0.7006
17.269,1.44,-2.16,0.57317
17.315,1.44,-2.16,0.4332
17.325,1.44,-2.16,0.27567
17.342,1.44,-2.16,0.097297
17.364,1.44,-2.16,-0.10654
17.379,1.44,-2.16,-0.33861
17.397,1.8606,-2.16,-0.60247
17.416,2.2465,-1.44,-0.89962
17.436,3.362,-1.44,-1.2263
17.453,4.3266,-1.44,-1.5754
17.478,6.3903,-1.44,-1.9316
17.492,7.2386,-1.44,-2.2872
17.508,9.1786,-0.72,-2.617
17.535,11.495,-0.72,-2.8967
17.547,12.837,0,-3.1468
17.563,14.665,0.72,-3.3118
17.581,16.611,1.44,-3.3771
17.629,21.333,4.32,-3.3155
17.647,23.48,5.76,-3.207
17.657,24.54,6.48,-3.0037
17.671,25.356,7.92,-2.7018
17.689,26.387,10.08,-2.3151
17.706,27.38,11.52,-1.8634
17.726,28.495,15.12,-1.3768
17.744,28.8,16.56,-0.88205
17.784,29.397,22.32,-0.40194
17.791,28.982,23.76,0.033756
17.8,28.8,25.2,0.41971
17.82,28.8,26.64,0.74791
17.838,28.08,28.8,1.0228
17.856,27.551,29.52,1.2464
17.89,27.058,30.24,1.4402
17.902,26.64,30.24,1.5649
17.917,26.64,30.24,1.6513
17.935,26.64,30.24,1.7173
17.955,26.64,29.52,1.7366
17.973,25.939,28.8,1.7413
17.992,25.92,28.08,1.7191
18.01,25.92,26.64,1.6745
18.03,25.2,25.2,1.6202
18.047,25.2,24.48,1.5295
18.07,24.48,22.32,1.4173
18.085,23.826,20.88,1.2605
18.103,23.04,19.44,1.0746
18.128,22.076,16.56,0.85138
18.14,21.364,15.12,0.59386
18.156,20.468,14.4,0.30824
18.176,19.341,12.96,-7.6521e-05
18.202,17.747,11.52,-0.3221
18.214,16.432,10.08,-0.64722
18.243,14.367,8.64,-0.96457
18.256,13.307,7.92,-1.2656
18.272,12.368,7.2,-1.5444
18.294,10.41,6.48,-1.8003
18.321,8.8231,5.76,-2.0323
18.331,8.2631,5.76,-2.2587
18.359,6.6992,5.76,-2.4708
18.431,5.4562,5.76,-2.5894
18.439,5.04,5.76,-2.7932
18.447,5.04,5.04,-2.9995
18.464,5.04,5.04,-3.1928
18.481,5.04,5.04,-3.3754
18.507,5.04,4.32,-3.5372
18.52,5.3964,4.32,-3.6895
18.535,5.76,4.32,-3.8203
18.556,5.76,3.6,-3.932
18.574,6.3198,3.6,-4.0358
18.6,6.48,3.6,-4.1289
18.611,6.48,3.6,-4.2394
18.627,6.48,3.6,-4.3442
18.646,6.48,3.6,-4.4693
18.664,5.8815,2.88,-4.6026
18.681,5.6443,2.88,-4.7577
18.737,4.32,2.88,-4.9
18.842,3.6,1.44,-5.0045
18.91,2.88,0,-5.1323
18.919,2.7589,0,-5.2862
18.936,2.16,0,-5.4327
18.989,1.44,-0.72,-5.5814
19.01,0.72,-1.44,-5.7119
19.031,0.72,-1.44,-5.8214
19.051,0.72,-1.44,-5.9114
19.073,0.72,-1.44,-5.9872
19.082,0.72,-1.44,-6.0504
19.105,0.72,-2.16,-6.1098
19.125,0.72,-2.16,-6.1675
19.153,0,-2.16,-6.2323
19.164,0,-2.16,-6.2943
19.19,0,-2.16,-6.3649
19.198,0.1158,-2.16,-6.4316
19.219,0.72,-2.88,-6.5033
19.235,0.72,-2.88,-6.5716
19.256,0.17312,-2.88,-6.6449
19.275,0,-2.88,-6.7153
19.294,-0.55307,-2.88,-6.7784
19.327,-0.72,-2.88,-6.8766
19.348,-0.72,-2.88,-6.9405
19.363,-0.72,-2.88,-6.9822
19.374,-0.65012,-2.88,-7.0162
19.389,0,-2.88,-7.0368
19.406,0.40288,-2.16,-7.0338
19.429,1.0302,-2.16,-7.0113
19.446,2.0003,-2.16,-6.9675
19.462,2.9604,-1.44,-6.8983
19.482,4.7799,-0.72,-6.7925
19.505,6.4601,0,-6.6498
19.519,7.6014,0.72,-6.4655
19.544,10.255,2.88,-6.249
19.558,11.934,3.6,-5.9803
19.576,13.641,5.76,-5.6664
19.596,15.928,7.2,-5.3268
19.615,18.119,8.64,-4.9455
19.634,20.294,11.52,-4.5406
19.649,22.053,12.96,-4.1128
19.67,24.4,17.28,-3.6939
19.686,26.294,19.44,-3.2824
19.704,28.226,21.6,-2.8872
19.72,30.107,23.04,-2.5177
19.737,32.013,26.64,-2.1769
19.756,33.538,28.08,-1.8647
19.791,36,30.24,-1.5824
19.807,36.212,30.96,-1.3071
19.819,36.72,30.96,-1.0585
19.834,37.038,30.96,-0.83889
19.853,37.44,30.24,-0.64914
19.87,37.44,30.24,-0.49359
19.899,37.44,28.8,-0.37589
19.91,37.206,28.08,-0.29268
19.927,36.72,27.36,-0.24381
19.95,36,25.2,-0.22385
19.966,35.452,23.76,-0.22426
19.984,34.333,23.04,-0.2362
20.005,32.57,21.6,-0.25064
20.023,31.54,19.44,-0.25982
20.046,29.479,18,-0.25779
20.123,22.858,11.52,-0.2405
20.144,21.093,9.36,-0.20728
20.162,19.263,8.64,-0.16147
20.178,17.96,7.92,-0.11008
20.192,16.826,7.92,-0.061215
20.215,15.185,6.48,-0.022233
20.228,14.063,6.48,0.00079851
20.251,12.805,5.76,0.0030581
20.267,11.893,5.76,-0.018512
20.275,11.4,5.76,-0.064261
20.296,10.233,5.76,-0.13105
20.312,9.2802,5.76,-0.21342
20.333,8.0885,5.76,-0.30236
20.348,7.92,5.76,-0.38614
20.388,7.2,5.76,-0.45162
20.396,7.2,5.76,-0.50561
20.409,7.2,5.76,-0.53797
20.426,7.2,5.76,-0.5499
20.442,7.2,5.76,-0.54301
20.46,6.6808,5.76,-0.51682
20.48,6.48,5.76,-0.47615
20.498,6.48,5.04,-0.42608
20.516,6.48,5.04,-0.36878
20.533,6.48,5.04,-0.30782
20.551,6.48,5.04,-0.24663
20.575,5.76,4.32,-0.18999
20.591,5.7401,4.32,-0.14289
20.623,4.5961,3.6,-0.11007
20.632,4.32,3.6,-0.097367
20.659,3.9922,2.88,-0.1124
20.689,3.6,2.16,-0.16283
20.703,3.6,2.16,-0.25452
20.731,2.88,1.44,-0.38708
20.748,2.88,1.44,-0.55787
20.785,2.88,0.72,-0.75613
20.804,2.88,0.72,-0.97287
20.852,2.88,0,-1.1924
20.86,2.88,0,-1.4035
20.868,2.88,-0.72,-1.5931
20.886,2.88,-0.72,-1.7522
20.925,2.16,-0.72,-1.8809
20.932,2.16,-0.72,-1.9693
20.942,2.16,-0.72,-2.0194
20.97,2.16,-0.72,-2.0356
20.983,2.16,-0.72,-2.0167
21,2.0508,-1.44,-1.9687
21.019,1.44,-1.44,-1.8941
21.04,1.2201,-1.44,-1.8037
21.055,0.37979,-1.44,-1.6991
21.082,-0.44984,-1.44,-1.5979
21.101,-1.44,-1.44,-1.5034
21.112,-1.44,-1.44,-1.422
21.128,-1.44,-1.44,-1.3651
21.151,-1.44,-1.44,-1.3396
21.165,-1.44,-1.44,-1.3399
21.19,-0.72,-1.44,-1.3652
21.209,-0.30801,-0.72,-1.4069
21.225,0,-0.72,-1.4588
21.243,0.72,-0.72,-1.5133
21.264,1.4077,0,-1.5643
21.282,2.4632,0.72,-1.6021
21.302,3.525,1.44,-1.6179
21.323,5.1383,2.16,-1.6086
21.341,6.5584,3.6,-1.5725
21.368,9.6509,5.04,-1.5167
21.38,11.1,6.48,-1.4495
21.395,13.526,7.2,-1.3876
21.416,15.907,10.08,-1.3439
21.438,18.424,12.96,-1.327
21.451,19.988,15.12,-1.3408
21.469,22.693,17.28,-1.3834
21.485,24.94,19.44,-1.4451
21.512,29.049,25.2,-1.5145
21.527,31.42,26.64,-1.5743
21.545,33.64,27.36,-1.612
21.564,35.812,28.8,-1.6127
21.579,37.511,30.24,-1.5585
21.599,38.587,30.24,-1.4426
21.618,39.68,29.52,-1.2627
21.64,40.32,28.8,-1.0237
21.662,41.04,28.08,-0.73617
21.68,40.98,27.36,-0.42158
21.695,40.32,26.64,-0.10111
21.714,39.766,24.48,0.20293
21.73,38.805,23.04,0.47073
21.749,37.777,22.32,0.68565
21.768,35.94,19.44,0.8355
21.798,33.558,17.28,0.91304
21.817,31.825,15.84,0.91888
21.824,30.947,14.4,0.85581
21.861,27.027,12.24,0.72483
21.87,26.4,11.52,0.54132
21.881,25.107,10.8,0.30984
21.896,23.408,10.08,0.042542
21.914,21.815,8.64,-0.24741
21.93,20.226,7.92,-0.54526
21.947,18.457,6.48,-0.83858
21.966,16.717,5.76,-1.1196
21.989,14.836,5.04,-1.3718
22.009,13.209,3.6,-1.5989
22.031,11.476,3.6,-1.7862
22.042,10.85,2.88,-1.9381
22.057,10.022,2.88,-2.044
22.076,8.9467,2.88,-2.1146
22.093,7.9898,2.16,-2.136
22.116,6.6999,2.16,-2.1117
22.132,6.48,2.16,-2.0541
22.155,5.76,2.16,-1.9445
22.172,5.76,2.88,-1.8229
22.188,6.48,2.88,-1.6832
22.207,5.9182,2.88,-1.535
22.229,5.3539,2.88,-1.3857
22.247,5.04,2.88,-1.2448
22.269,5.04,2.88,-1.1207
22.284,5.04,2.88,-1.0136
22.298,5.0597,2.88,-0.92454
22.336,5.6734,3.6,-0.84543
22.345,5.1601,3.6,-0.79678
22.364,4.8089,3.6,-0.77058
22.385,4.32,2.88,-0.7666
22.399,4.32,2.88,-0.78482
22.413,4.32,2.88,-0.82453
22.447,3.6527,2.16,-0.88373
22.467,3.6,2.16,-0.95708
22.505,3.6,1.44,-1.0423
22.519,3.6,1.44,-1.1352
22.547,2.88,0.72,-1.2236
22.566,2.88,0.72,-1.3165
22.586,2.88,0.72,-1.4089
22.612,2.88,0,-1.4985
22.645,2.16,-0.72,-1.5867
22.655,2.16,-0.72,-1.6729
22.672,2.16,-0.72,-1.7552
22.694,1.8865,-1.44,-1.8305
22.712,1.44,-1.44,-1.8958
22.732,1.44,-1.44,-1.9459
22.753,0.72,-2.16,-1.988
22.768,0.72,-2.16,-2.0213
22.787,0.72,-2.88,-2.0456
22.812,0.72,-2.88,-2.0548
22.826,0.72,-2.88,-2.053
22.869,0.72,-3.6,-2.0476
22.876,0.72,-3.6,-2.0244
22.886,0.72,-3.6,-1.9907
22.899,0.20844,-3.6,-1.9493
22.918,0,-3.6,-1.9021
22.936,0,-3.6,-1.8475
22.952,-0.62283,-3.6,-1.7952
22.985,-0.72,-2.88,-1.7432
22.995,-0.72,-2.88,-1.6794
23.007,-0.72,-2.88,-1.6191
23.024,-0.72,-2.88,-1.5673
23.042,-0.72,-2.16,-1.5052
23.061,-0.72,-1.44,-1.4427
23.081,-0.72,-0.72,-1.3734
23.107,0,0.72,-1.3006
23.239,12.16,13.68,-1.2971
23.249,13.331,15.84,-1.1854
23.265,15.84,17.28,-1.0745
23.284,18.026,18.72,-0.96961
23.301,20.54,21.6,-0.87248
23.323,23.592,22.32,-0.78674
23.339,26.501,23.04,-0.71173
23.357,29.293,24.48,-0.65449
23.377,31.639,24.48,-0.60863
23.392,33.248,24.48,-0.57157
23.41,34.701,23.76,-0.5403
23.427,35.939,23.76,-0.50707
23.454,37.44,23.04,-0.46397
23.467,37.44,22.32,-0.40226
23.483,37.44,22.32,-0.31473
23.503,37.44,21.6,-0.19867
23.55,35.614,19.44,-0.057434
23.571,34.387,18.72,0.097848
23.582,33.852,18,0.25273
23.595,33.086,18,0.3898
23.615,31.901,17.28,0.49169
23.691,26.013,13.68,0.54567
23.699,25.583,12.96,0.53415
23.709,24.839,12.96,0.45346
23.718,23.734,12.24,0.30381
23.744,22.266,11.52,0.093341
23.781,18.713,9.36,-0.1627
23.87,12.167,5.76,-0.44334
23.878,11.713,5.76,-0.72931
23.889,11.075,5.04,-1.0019
23.901,10.343,4.32,-1.2479
23.93,8.7283,4.32,-1.456
23.939,8.1935,3.6,-1.6218
23.951,7.92,3.6,-1.7399
23.968,7.92,2.88,-1.8069
23.996,7.2,2.88,-1.8216
24.009,7.0866,2.88,-1.7869
24.035,6.48,2.88,-1.7002
24.056,6.48,2.88,-1.5664
24.072,6.48,2.88,-1.3909
24.09,6.48,2.88,-1.1822
24.108,6.48,2.16,-0.95095
24.132,5.8305,2.16,-0.71264
24.147,5.76,2.16,-0.47769
24.172,5.76,2.16,-0.25677
24.185,5.76,2.16,-0.058736
24.208,5.76,1.44,0.11173
24.224,5.76,1.44,0.25458
24.245,5.76,1.44,0.3723
24.261,5.04,1.44,0.46905
24.29,5.04,0.72,0.5468
24.303,4.8505,0.72,0.6077
24.325,4.32,0,0.65158
24.357,3.6,0,0.67715
24.377,3.4599,0,0.68238
24.42,2.4398,-0.72,0.66372
24.435,2.16,-0.72,0.62009
24.479,2.16,-1.44,0.54771
24.491,1.9651,-1.44,0.44541
24.509,1.44,-2.16,0.31265
24.53,1.44,-2.16,0.15029
24.546,1.44,-2.16,-0.040318
24.566,1.44,-2.16,-0.25634
24.592,1.44,-2.88,-0.49405
24.606,1.44,-2.88,-0.74873
24.628,1.44,-2.88,-1.0162
24.65,1.44,-2.88,-1.292
24.669,1.44,-3.6,-1.5769
24.694,1.44,-3.6,-1.8725
24.713,1.44,-3.6,-2.1768
24.735,1.44,-3.6,-2.492
24.756,1.44,-3.6,-2.8178
24.775,0.7663,-3.6,-3.1599
24.796,0.72,-3.6,-3.5223
24.823,0.72,-2.88,-3.9048
24.834,0.72,-2.88,-4.2889
24.855,0.72,-2.88,-4.6891
24.878,0.72,-2.16,-5.0952
24.891,0.72,-2.16,-5.4837
24.906,0.72,-1.44,-5.8611
24.927,0.73341,-0.72,-6.2234
24.947,1.44,1.44,-6.5501
24.962,1.44,2.16,-6.8203
25.008,3.9312,5.76,-7.079
25.016,4.4249,6.48,-7.2112
25.027,5.7069,7.92,-7.2697
25.064,9.9378,12.96,-7.2592
25.073,10.926,15.12,-7.1533
25.087,13.166,17.28,-6.9781
25.118,17.703,21.6,-6.7427
25.136,20.814,23.76,-6.4614
25.15,23.053,25.2,-6.1522
25.162,25.274,27.36,-5.8327
25.184,29.159,28.8,-5.5185
25.202,32.736,30.24,-5.2215
25.221,35.743,30.96,-4.9509
25.24,37.975,31.68,-4.7146
25.253,39.408,31.68,-4.5162
25.293,43.098,30.96,-4.3376
25.339,44.64,29.52,-4.1753
25.35,44.44,28.8,-4.0612
25.359,43.92,28.08,-3.954
25.37,43.92,26.64,-3.8436
25.386,42.917,25.92,-3.7242
25.408,40.374,23.04,-3.5982
25.426,39.045,21.6,-3.4635
25.444,36.481,20.16,-3.3208
25.472,33.066,16.56,-3.174
25.484,31.693,15.12,-3.0198
25.56,22.907,7.2,-2.8971
25.568,22,5.76,-2.7584
25.599,17.678,4.32,-2.6464
25.611,16.322,3.6,-2.5652
25.622,14.961,2.88,-2.5269
25.633,13.746,2.88,-2.5423
25.65,12.577,2.16,-2.6173
25.669,10.333,2.16,-2.7402
25.694,8.0479,2.16,-2.9067
25.716,6.7998,2.16,-3.1034
25.728,6.1197,2.88,-3.3522
25.741,5.3968,2.88,-3.6036
25.766,4.7732,3.6,-3.769
25.78,4.32,3.6,-3.9907
25.798,4.32,4.32,-4.1339
25.846,4.8918,5.04,-4.1744
25.855,5.04,5.04,-4.325
25.873,5.04,5.04,-4.4405
25.894,5.04,5.04,-4.5419
25.91,5.04,5.04,-4.6364
25.932,5.04,5.04,-4.6642
25.951,4.32,4.32,-4.7324
25.971,4.32,4.32,-4.719
25.993,4.32,3.6,-4.7286
26.021,5.04,3.6,-4.6762
26.036,5.04,2.88,-4.7398
26.082,4.32,2.16,-4.793
26.091,4.32,2.16,-4.8554
26.102,4.1744,2.16,-4.9126
26.131,3.6,1.44,-4.9627
26.149,3.6,1.44,-4.9926
26.183,2.88,0.72,-5.0504
26.202,2.88,0.72,-5.1146
26.22,2.16,0,-5.1958
26.248,2.16,-0.72,-5.272
26.265,2.16,-0.72,-5.3618
26.303,1.44,-1.44,-5.4484
26.314,1.44,-1.44,-5.5332
26.336,1.44,-1.44,-5.6179
26.355,1.44,-2.16,-5.6956
26.376,1.44,-2.16,-5.746
26.395,0.72,-2.16,-5.8008
26.419,0.72,-2.16,-5.8487
26.445,0.72,-2.16,-5.8663
26.458,0.72,-2.16,-5.8302
26.476,0.72,-1.44,-5.7553
26.494,0.72,-1.44,-5.6581
26.514,0.72,-0.72,-5.5007
26.535,0.72,-0.72,-5.3181
26.549,0.72,0,-5.0652
26.566,0.72,0.72,-4.7772
26.585,0.72,2.16,-4.4828
26.605,0.70026,2.88,-4.1941
26.621,0,4.32,-3.8634
26.662,0.49128,9.36,-3.6537
26.675,0.72,10.8,-3.3157
26.693,0.72,12.24,-3.0435
26.709,0.72,14.4,-2.8124
26.727,0.72,18.72,-2.6211
26.744,1.5882,20.16,-2.4861
26.777,3.48,25.2,-2.4086
26.787,4.5254,26.64,-2.3275
26.809,7.022,27.36,-2.2959
26.825,9.3668,28.8,-2.3065
26.845,12.076,28.8,-2.3528
26.867,15.238,28.8,-2.4332
26.901,20.286,28.08,-2.535
26.911,21.575,27.36,-2.6629
26.928,23.934,26.64,-2.7958
26.94,25.992,25.92,-2.9211
26.963,29.538,25.2,-2.9865
26.977,31.032,23.76,-2.999
27.008,33.754,22.32,-2.9062
27.02,34.476,21.6,-2.7617
27.035,34.613,20.88,-2.5025
27.051,35.28,20.16,-2.1542
27.071,35.28,19.44,-1.7169
27.089,35.28,18.72,-1.2222
27.11,34.494,17.28,-0.6991
27.137,33.692,16.56,-0.18193
27.15,32.933,15.84,0.30437
27.167,31.518,15.12,0.7413
27.187,30.095,13.68,1.1153
27.204,28.747,12.96,1.4286
27.223,27.326,11.52,1.6713
27.247,25.345,10.8,1.8538
27.271,23.372,10.08,1.9822
27.285,22.435,9.36,2.0445
27.299,21.613,8.64,2.0614
27.317,19.874,7.2,2.0354
27.335,18.817,6.48,1.9692
27.364,16.454,5.76,1.8547
27.421,13.169,4.32,1.6483
27.433,12.487,4.32,1.4932
27.516,7.6556,3.6,1.194
27.524,7.231,3.6,1.0149
27.542,6.9755,3.6,0.80974
27.559,6.48,2.88,0.6405
27.57,6.48,2.88,0.49024
27.582,6.48,2.88,0.35285
27.613,6.48,2.16,0.21918
27.624,6.48,2.16,0.097478
27.635,6.48,2.16,-0.028408
27.648,5.9575,2.16,-0.16308
27.667,5.76,2.16,-0.30738
27.739,5.76,0.72,-0.44294
27.877,3.6531,0,-0.59604
27.885,3.6,-0.72,-0.77404
27.91,3.6,-0.72,-0.96219
27.94,3.6,-0.72,-1.1756
27.964,3.6,-1.44,-1.3942
27.982,3.6,-1.44,-1.6166
28.001,3.6,-1.44,-1.8525
28.032,2.88,-2.16,-2.093
28.052,2.88,-2.16,-2.3204
28.078,2.88,-2.88,-2.5397
28.095,2.88,-2.88,-2.7454
28.117,2.88,-2.88,-2.9395
28.133,2.7667,-2.88,-3.1141
28.15,2.16,-3.6,-3.2579
28.174,2.16,-3.6,-3.3675
28.197,2.16,-4.32,-3.4854
28.214,2.16,-4.32,-3.564
28.247,2.16,-4.32,-3.582
28.267,2.16,-4.32,-3.5925
28.274,2.16,-4.32,-3.5559
28.311,2.16,-3.6,-3.5181
28.319,2.16,-3.6,-3.4092
28.329,1.6532,-3.6,-3.2512
28.344,1.44,-2.88,-3.0422
28.362,1.44,-2.16,-2.8062
28.385,0.72,-1.44,-2.5423
28.401,0.72,-0.72,-2.2282
28.467,1.44,3.6,-2.0592
28.475,1.7834,5.04,-1.6736
28.483,2.227,6.48,-1.2948
28.51,3.7545,10.08,-0.98103
28.523,4.638,12.24,-0.70138
28.546,6.4315,14.4,-0.4947
28.56,7.9602,15.84,-0.37924
28.575,9.6999,17.28,-0.36824
28.601,12.657,19.44,-0.47438
28.62,15.538,20.88,-0.69364
28.675,22.543,22.32,-1.0559
28.683,23.537,22.32,-1.4577
28.698,25.173,21.6,-1.911
28.711,27.386,20.88,-2.3538
28.723,28.734,20.88,-2.7479
28.74,30.435,19.44,-3.0631
28.761,32.36,18.72,-3.229
28.826,36.058,14.4,-3.2157
28.833,36.499,14.4,-3.0203
28.856,36.72,12.96,-2.6442
28.866,36.72,12.24,-2.1239
28.947,34.82,10.08,-1.505
28.959,34.56,10.08,-0.85498
28.974,33.974,10.08,-0.22936
28.983,33.48,9.36,0.32482
28.996,32.702,9.36,0.77071
29.02,31.29,8.64,1.0818
29.032,30.3,7.92,1.2366
29.045,29.12,7.2,1.2205
29.065,27.882,7.2,1.0226
29.079,26.447,7.2,0.63722
29.098,24.839,6.48,0.066662
29.117,22.86,6.48,-0.67468
29.143,20.314,6.48,-1.5226
29.153,19.3,6.48,-2.5017
29.17,18.013,7.2,-3.4517
29.188,15.906,7.2,-4.4344
29.233,12.066,7.2,-5.0099
29.241,11.357,7.2,-5.9216
29.272,9.5732,7.2,-6.4759
29.291,8.4602,6.48,-7.0182
29.299,8.0066,6.48,-7.655
29.316,7.92,6.48,-8.0821
29.324,7.92,5.76,-8.4516
29.343,7.2,5.76,-8.5974
29.366,7.92,5.04,-8.6849
29.388,7.92,3.6,-8.7462
29.419,7.92,2.88,-8.7661
29.427,7.92,2.16,-8.8939
29.437,7.92,2.16,-8.9149
29.457,7.92,1.44,-8.8861
29.465,7.92,1.44,-9.0311
29.493,7.92,1.44,-8.7441
29.513,7.92,0.72,-8.8259
29.521,7.92,0,-8.9734
29.538,7.92,0,-9.0182
29.553,7.92,0,-9.0777
29.574,7.4159,-0.72,-9.0704
29.591,7.1739,-1.44,-9.125
29.65,5.76,-1.44,-8.9615
29.658,5.4592,-2.16,-8.9136
29.668,5.04,-2.16,-8.8051
29.686,4.5685,-2.16,-8.638
29.713,4.32,-2.16,-8.4555
29.738,3.6,-2.16,-8.2185
29.776,2.88,-2.16,-8.0069
29.789,2.3655,-2.16,-7.7688
29.813,2.16,-2.16,-7.5406
29.857,1.44,-1.44,-7.2264
29.877,1.44,-1.44,-6.9956
29.884,1.44,-1.44,-6.7562
29.896,1.44,-1.44,-6.4868
29.921,1.44,-1.44,-6.2029
29.933,1.44,-1.44,-5.9298
29.959,1.44,-1.44,-5.6212
29.984,1.3156,-1.44,-5.3153
30.002,0.72,-1.44,-4.9586
30.013,0.72,-1.44,-4.4787
30.04,0,-1.44,-3.9745
30.058,0,-0.72,-3.4009
30.073,0,-0.72,-2.7929
30.421,20.435,7.2,-4.1113
30.428,20.861,32.4,-3.2
30.444,22.471,33.12,-2.4769
30.456,23.12,33.12,-1.9722
30.468,23.857,33.12,-1.7168
30.486,24.847,32.4,-1.7
30.503,25.828,32.4,-1.8828
30.524,27.051,31.68,-2.2123
30.542,27.367,30.96,-2.6268
30.573,28.8,28.08,-3.0456
30.587,29.203,26.64,-3.4692
30.602,29.52,25.2,-3.8462
30.616,29.52,23.76,-4.1415
30.635,29.52,22.32,-4.2985
30.655,29.52,18.72,-4.3315
30.672,29.52,17.28,-4.1786
30.692,29.52,13.68,-3.9485
30.708,29.387,12.24,-3.6274
30.742,28.14,8.64,-3.19
30.755,28.08,7.2,-2.735
30.767,27.437,5.76,-2.2167
30.78,26.667,5.04,-1.6431
30.806,26.007,4.32,-1.0743
30.814,25.225,2.88,-0.48316
30.83,23.933,2.88,0.072809
30.845,23.033,2.16,0.58645
30.869,21.687,1.44,1.0392
30.887,19.929,1.44,1.4232
30.901,19.144,0.72,1.7008
30.923,17.111,0.72,1.8842
30.936,16.382,0.72,1.9615
30.96,14.299,1.44,1.9316
30.974,13.48,1.44,1.8009
30.996,11.507,2.16,1.5569
31.009,10.746,2.16,1.2327
31.04,8.9674,2.88,0.8127
31.053,8.2398,2.88,0.34713
31.076,6.9307,2.88,-0.1703
31.083,6.48,2.88,-0.72121
31.099,6.3047,2.88,-1.2846
31.116,5.76,2.16,-1.8221
31.133,5.76,2.16,-2.3433
31.161,5.76,1.44,-2.7719
31.174,5.8844,1.44,-3.195
31.185,6.48,1.44,-3.5744
31.234,6.48,0.72,-3.8257
31.242,6.48,0,-4.0889
31.265,6.2199,0,-4.2818
31.285,5.76,0,-4.3479
31.304,5.76,0,-4.4503
31.313,5.76,0,-4.5425
31.33,5.76,0,-4.6
31.356,5.04,0,-4.6035
31.37,5.04,0,-4.6713
31.401,4.8654,-0.72,-4.6668
31.409,4.4208,-0.72,-4.7056
31.435,4.32,-1.44,-4.7299
31.451,4.1319,-1.44,-4.7509
31.474,3.6,-1.44,-4.7291
31.511,2.88,-2.16,-4.7681
31.528,2.5817,-2.88,-4.7901
31.554,2.16,-2.88,-4.8633
31.575,1.44,-3.6,-4.9328
31.606,1.44,-3.6,-5.0106
31.641,1.44,-4.32,-5.1109
31.663,1.44,-4.32,-5.2381
31.671,1.44,-4.32,-5.3534
31.689,1.44,-4.32,-5.4798
31.712,1.44,-4.32,-5.5984
31.728,1.2985,-4.32,-5.7216
31.76,0.72,-4.32,-5.8404
31.768,0.72,-4.32,-5.937
31.785,0.72,-4.32,-6.0505
31.806,0.72,-4.32,-6.1647
31.827,0.72,-3.6,-6.2584
31.843,0.43348,-3.6,-6.3336
31.876,0,-2.88,-6.4656
31.885,0,-2.16,-6.4802
31.898,0,-2.16,-6.5109
31.92,0.067669,-1.44,-6.6232
31.94,0.72,0,-6.6942
31.953,1.2986,0.72,-6.6835
31.985,3.293,2.88,-6.7966
32.001,5.5263,3.6,-6.7511
32.01,6.8506,4.32,-6.6423
32.032,9.36,6.48,-6.5207
32.047,10.995,7.2,-6.3129
32.072,13.277,10.08,-6.0811
32.086,14.631,11.52,-5.7866
32.126,18.833,18,-5.53
32.142,21.22,22.32,-5.1889
32.154,22.827,24.48,-4.8382
32.17,24.661,25.92,-4.4999
32.18,25.726,27.36,-4.179
32.198,27.853,28.8,-3.928
32.275,34.949,31.68,-3.8747
32.283,35.453,31.68,-3.7191
32.297,36.895,31.68,-3.6408
32.402,38.16,25.2,-3.7195
32.409,37.99,23.76,-3.7122
32.422,37.249,22.32,-3.7145
32.438,36.337,20.88,-3.7018
32.492,31.971,15.12,-3.6531
32.504,30.616,13.68,-3.5629
32.515,29.334,12.24,-3.4322
32.537,26.81,10.8,-3.264
32.607,18.1,3.6,-3.0584
32.616,17.507,2.88,-2.8835
32.626,16.573,2.16,-2.7261
32.644,14.575,1.44,-2.59
32.662,12.389,1.44,-2.4716
32.675,11.246,0.72,-2.3657
32.757,5.8224,2.16,-2.1209
32.787,5.04,2.16,-1.9494
32.799,5.04,2.16,-1.8069
32.817,5.6186,2.16,-1.646
33.027,4.32,2.16,-1.3536
33.054,4.32,2.16,-1.205
33.096,3.6,1.44,-1.067
33.311,1.44,-0.72,-0.95724
33.324,1.44,-1.44,-0.88981
33.346,0.72,-1.44,-0.86185
33.354,0.72,-1.44,-0.87499
33.373,0.72,-1.44,-0.93006
33.391,0.067039,-2.16,-1.0293
33.416,0,-2.16,-1.1741
33.427,-0.54797,-2.16,-1.3584
33.447,-0.72,-2.88,-1.5836
33.471,-0.86618,-2.88,-1.845
33.49,-1.44,-2.88,-2.1314
33.527,-1.44,-3.6,-2.4436
33.538,-1.44,-3.6,-2.7613
33.552,-1.44,-3.6,-3.0834
33.572,-0.72,-3.6,-3.4028
33.595,-0.72,-3.6,-3.7043
33.615,0.36,-3.6,-3.9681
33.644,1.9189,-2.88,-4.2074
33.661,2.9944,-2.88,-4.3839
33.74,12.562,0,-4.39
33.75,14.106,0.72,-4.409
33.775,17.815,2.16,-4.2947
33.784,19.342,2.88,-4.1373
33.799,21.997,4.32,-3.896
33.845,30.66,9.36,-3.5354
33.853,31.904,10.8,-3.1878
33.909,38.669,21.6,-2.8305
33.918,39.267,24.48,-2.3931
33.937,41.04,27.36,-1.9488
33.954,41.326,29.52,-1.5136
33.971,41.76,33.12,-1.1119
34,41.665,36,-0.77563
34.02,40.507,36.72,-0.49867
34.031,39.916,37.44,-0.29519
34.046,39.025,37.44,-0.18126
34.094,34.804,34.56,-0.16286
34.116,32.513,33.84,-0.23014
34.131,31.281,32.4,-0.37663
34.138,30.774,30.96,-0.58628
34.153,29.022,30.24,-0.84339
34.177,26.191,27.36,-1.1247
34.193,24.793,25.92,-1.4019
34.225,21.33,22.32,-1.6683
34.243,19.279,20.16,-1.892
34.252,18.511,19.44,-2.0568
34.269,17.08,18,-2.1697
34.287,15.038,15.12,-2.2266
34.309,13.211,13.68,-2.2318
34.326,11.373,11.52,-2.1949
34.344,9.831,10.08,-2.1229
34.367,8.29,8.64,-2.0251
34.383,7.3664,7.92,-1.9044
34.4,6.3744,7.2,-1.7692
34.416,5.4601,6.48,-1.6246
34.435,5.04,5.76,-1.4738
34.453,4.32,5.76,-1.3146
34.48,5.04,5.76,-1.1485
34.492,5.4066,5.76,-0.98529
34.51,6.4009,5.76,-0.81981
34.527,6.48,5.76,-0.65179
34.551,6.6189,5.76,-0.48363
34.565,7.2,5.76,-0.32662
34.601,7.92,6.48,-0.17945
34.608,7.92,6.48,-0.046544
34.622,7.92,6.48,0.072762
34.639,7.92,6.48,0.17644
34.654,7.92,6.48,0.26454
34.671,7.92,6.48,0.33799
34.695,7.92,6.48,0.40211
34.718,7.5567,5.76,0.45976
34.732,7.2,5.76,0.51106
34.75,7.2,5.76,0.55504
34.768,7.2,5.04,0.59137
34.785,6.565,5.04,0.61654
34.806,6.48,4.32,0.62608
34.827,5.76,3.6,0.61533
34.84,5.76,3.6,0.58392
34.855,5.76,3.6,0.52921
34.875,5.1305,2.88,0.45007
34.893,5.04,2.88,0.3462
34.912,4.3998,2.16,0.21735
34.932,4.32,2.16,0.064877
34.963,4.32,1.44,-0.10953
34.981,4.32,0.72,-0.3048
34.989,4.32,0.72,-0.52248
35.007,4.0519,0,-0.7615
35.026,3.6,-0.72,-1.0115
35.104,2.88,-2.16,-1.286
35.112,2.5133,-2.16,-1.5606
35.126,2.16,-2.16,-1.8396
35.145,2.081,-2.88,-2.1243
35.162,1.44,-2.88,-2.4276
35.193,1.44,-3.6,-2.7481
35.201,1.44,-3.6,-3.0703
35.217,1.44,-4.32,-3.4335
35.232,1.44,-4.32,-3.7999
35.253,1.44,-4.32,-4.1778
35.268,1.44,-5.04,-4.5661
35.284,1.44,-5.04,-4.9971
35.313,2.16,-5.04,-5.3982
35.322,2.28,-5.04,-5.788
35.341,3.3423,-5.04,-6.1642
35.358,4.3141,-4.32,-6.4705
35.377,5.8127,-4.32,-6.7118
35.395,7.853,-4.32,-6.9027
35.424,11.139,-3.6,-6.973
35.453,14.98,-2.88,-6.9274
35.465,16.639,-2.16,-6.869
35.475,17.819,-1.44,-6.6946
35.496,20.294,0,-6.3262
35.517,23.271,0.72,-5.8709
35.584,30.32,2.16,-5.2774
35.615,32.813,10.8,-4.5859
35.623,33.314,13.68,-3.8423
35.632,33.806,15.84,-3.0665
35.678,33.84,28.08,-2.2937
35.703,32.671,30.24,-1.6211
35.713,32.076,33.12,-1.0615
35.734,30.881,36.72,-0.63601
35.745,30.253,38.16,-0.34372
35.763,28.514,38.88,-0.1868
35.789,26.561,40.32,-0.15108
35.804,25.427,40.32,-0.21203
35.815,24.777,40.32,-0.3462
35.828,24.013,40.32,-0.52432
35.847,22.842,39.6,-0.72161
35.87,20.92,38.16,-0.92714
35.896,18.627,36,-1.1027
35.913,16.996,34.56,-1.2427
35.934,15.107,30.96,-1.341
35.98,11.729,24.48,-1.432
35.988,11.238,21.6,-1.4764
36.044,8.051,12.96,-1.5452
36.051,7.6297,11.52,-1.6026
36.061,7.0876,10.08,-1.6883
36.075,6.258,7.92,-1.8056
36.095,5.1428,6.48,-1.9462
36.122,4.32,4.32,-2.0905
36.136,4.32,3.6,-2.2183
36.185,3.6,1.44,-2.3026
36.211,4.32,1.44,-2.3206
36.24,5.04,2.16,-2.2534
36.253,4.6096,2.16,-2.0965
36.272,4.32,1.44,-1.8514
36.285,4.32,1.44,-1.5366
36.297,4.32,1.44,-1.1695
36.31,4.32,1.44,-0.76845
36.329,4.32,1.44,-0.3532
36.37,4.32,1.44,0.058231
36.389,4.32,2.16,0.44354
36.397,4.32,2.16,0.78604
36.412,4.32,2.16,1.0757
36.428,4.32,2.16,1.3108
36.45,4.32,2.16,1.4906
36.466,4.32,2.16,1.6095
36.501,4.32,2.16,1.6714
36.509,4.32,2.16,1.6801
36.527,3.6,2.16,1.6386
36.547,3.6,1.44,1.5464
36.567,2.88,1.44,1.3961
36.588,2.7411,1.44,1.1828
36.606,1.7061,0.72,0.90442
36.624,1.44,0.72,0.56311
36.638,1.44,0.72,0.16867
36.751,0,0,-0.2638
36.762,0,0,-0.71622
36.776,0,0,-1.1717
36.795,0,0,-1.6167
36.81,0,0,-2.0421
36.835,-0.52675,0,-2.4431
36.866,-0.72,-0.72,-2.8245
36.877,-0.72,-0.72,-3.177
36.889,-0.72,-1.44,-3.5099
36.905,-0.72,-1.44,-3.8251
36.924,-0.72,-1.44,-4.1262
36.945,0,-2.16,-4.4221
36.97,0.33875,-2.88,-4.7299
36.981,0.92105,-2.88,-5.0534
36.999,1.92,-2.88,-5.4009
37.017,3.7194,-3.6,-5.7793
37.037,6.0268,-3.6,-6.1795
37.055,8.254,-3.6,-6.6004
37.073,11.281,-3.6,-7.0376
37.09,13.626,-2.88,-7.4634
37.105,15.341,-2.88,-7.8699
37.139,21.358,-1.44,-8.1168
37.151,23.363,-0.72,-8.399
37.161,25.088,0.72,-8.5889
37.181,28.469,2.16,-8.6063
37.21,32.986,5.04,-8.4779
37.218,33.956,6.48,-8.3141
37.236,36.327,7.92,-8.0109
37.255,38.12,9.36,-7.5972
37.274,39.256,13.68,-7.0877
37.29,39.6,15.84,-6.5286
37.308,39.6,18,-5.9655
37.359,38.678,29.52,-5.2905
37.384,36.992,31.68,-4.765
37.398,35.711,33.84,-4.3255
37.499,25.914,37.44,-3.992
37.509,24.853,36.72,-3.6587
37.526,23.327,36.72,-3.3587
37.533,22.718,36,-3.0436
37.565,19.036,34.56,-2.7588
37.601,15.6,31.68,-2.4537
37.609,14.938,30.24,-2.1258
37.625,13.606,28.8,-1.8039
37.634,12.738,28.08,-1.4891
37.649,11.899,26.64,-1.1953
37.676,9.8716,24.48,-0.93414
37.685,9.36,23.04,-0.69936
37.708,8.485,20.16,-0.51325
37.753,6.5584,15.84,-0.38264
37.764,6.48,14.4,-0.28889
37.772,6.1971,12.96,-0.23662
37.804,5.76,10.8,-0.21416
37.811,6.1296,10.08,-0.20152
37.828,6.48,8.64,-0.18362
37.845,6.48,7.92,-0.14237
37.866,6.48,7.92,-0.064952
37.883,6.48,7.2,0.056201
37.92,6.48,7.2,0.2195
37.927,6.48,7.2,0.4145
37.942,5.7868,7.2,0.62599
37.962,6.48,7.2,0.83828
37.984,5.76,6.48,1.0404
37.999,5.5313,6.48,1.2267
38.03,5.04,6.48,1.3953
38.042,4.5113,6.48,1.5412
38.055,4.32,6.48,1.6641
38.104,3.6,5.76,1.7675
38.117,3.6,5.04,1.8412
38.125,3.6,4.32,1.8931
38.156,3.6,3.6,1.9235
38.185,2.88,2.88,1.9374
38.197,2.88,2.16,1.9362
38.205,2.88,2.16,1.92
38.283,2.88,0.72,1.8773
38.291,2.88,0.72,1.8312
38.306,2.88,0.72,1.7702
38.316,2.88,0.72,1.6972
38.341,2.88,0,1.6107
38.357,2.88,0,1.5177
38.396,2.16,0,1.411
38.404,2.16,0,1.2907
38.417,2.16,-0.72,1.1544
38.432,2.16,-0.72,1.0029
38.447,2.16,-0.72,0.8355
38.466,2.16,-0.72,0.6532
38.484,2.16,-0.72,0.45247
38.506,2.1133,-0.72,0.23553
38.523,1.44,-0.72,0.0049175
38.546,1.5882,-0.72,-0.23595
38.564,2.16,-0.72,-0.48342
38.583,2.16,-0.72,-0.73557
38.603,2.16,-0.72,-0.98912
38.634,2.16,-0.72,-1.2441
38.641,2.16,-0.72,-1.502
38.658,2.88,-0.72,-1.7667
38.681,3.6,-0.72,-2.0415
38.697,3.8843,-0.72,-2.3329
38.717,5.0197,-0.72,-2.6423
38.749,6.8601,-1.44,-2.9678
38.758,7.3535,-1.44,-3.3247
38.773,8.2267,-1.44,-3.7
38.789,9.6939,-1.44,-4.0828
38.812,11.659,-1.44,-4.4484
38.825,12.687,-1.44,-4.8091
38.844,14.426,-1.44,-5.1267
38.875,16.937,-0.72,-5.3475
38.894,18.812,0,-5.4991
38.906,20.147,0.72,-5.5654
38.919,21.002,1.44,-5.5122
38.938,22.749,2.16,-5.322
38.954,23.668,2.88,-5.0142
38.984,25.2,5.04,-4.5838
39.146,24.953,25.2,-3.8829
39.157,24.48,26.64,-3.4476
39.184,23.76,28.8,-3.0282
39.192,23.76,29.52,-2.6741
39.213,22.636,29.52,-2.3857
39.224,22.32,29.52,-2.1515
39.231,22.32,30.24,-1.9692
39.253,21.18,30.24,-1.8462
39.273,20.16,29.52,-1.7755
39.288,19.882,28.8,-1.7332
39.301,19.147,28.8,-1.7311
39.359,16.502,23.76,-1.8087
39.368,16.048,22.32,-1.8865
39.378,15.48,21.6,-2.0089
39.394,15.12,20.16,-2.1792
39.409,14.42,19.44,-2.3814
39.426,13.442,18,-2.6153
39.47,11.613,15.12,-2.8969
39.478,11.15,13.68,-3.1583
39.49,10.8,12.96,-3.4201
39.504,10.433,12.24,-3.6627
39.523,9.4112,10.8,-3.879
39.538,8.64,10.08,-4.0486
39.554,8.64,10.08,-4.1701
39.591,7.7154,7.92,-4.2415
39.601,7.2,7.92,-4.2519
39.616,7.2,7.2,-4.2078
39.628,7.2,7.2,-4.1119
39.648,7.2,6.48,-3.9737
39.659,6.7414,6.48,-3.8008
39.684,6.48,6.48,-3.602
39.701,6.48,6.48,-3.3868
39.716,6.3566,6.48,-3.1615
39.734,5.76,6.48,-2.9276
39.753,6.48,7.2,-2.6921
39.77,6.48,7.2,-2.4622
39.79,6.48,7.2,-2.2403
39.812,6.48,7.2,-2.0371
39.832,7.2,7.2,-1.8558
39.846,7.2,7.92,-1.6904
39.863,7.2,7.92,-1.5442
39.89,7.92,7.92,-1.4068
39.904,7.92,7.92,-1.2928
39.929,7.7933,7.92,-1.1899
39.94,7.2,7.92,-1.1056
39.953,7.2,7.92,-1.032
39.968,6.9645,7.2,-0.9709
39.989,6.48,7.2,-0.92719
40.007,6.1797,7.2,-0.90392
40.066,5.04,6.48,-0.90511
40.073,5.04,6.48,-0.9356
40.1,5.04,6.48,-0.99738
40.122,4.32,5.76,-1.0931
40.156,4.32,5.76,-1.2175
40.183,4.32,5.04,-1.3702
40.204,4.32,5.04,-1.5411
40.227,4.32,4.32,-1.7283
40.257,4.32,4.32,-1.9143
40.274,4.32,3.6,-2.1109
40.306,4.32,2.88,-2.3008
40.313,4.32,2.88,-2.4932
40.337,3.7543,2.16,-2.6772
40.36,3.6,2.16,-2.8632
40.373,3.6,1.44,-3.05
40.399,3.6,0.72,-3.2432
40.413,3.6,0.72,-3.4451
40.43,3.6,0.72,-3.6576
40.449,3.6,0,-3.8907
40.472,3.6,-0.72,-4.1498
40.494,3.6,-0.72,-4.4447
40.564,3.5135,-1.44,-4.7917
40.572,3.6,-1.44,-5.1706
40.584,3.6,-1.44,-5.5863
40.599,4.0712,-1.44,-6.0274
40.62,5.2532,-1.44,-6.4729
40.648,6.8772,-1.44,-6.8941
40.667,7.9082,-1.44,-7.2419
40.72,11.16,-0.72,-7.4185
40.73,12.293,0,-7.5016
40.742,12.947,0,-7.4197
40.766,15.747,0.72,-7.118
40.78,16.692,1.44,-6.6562
40.803,19.262,2.88,-6.0382
40.827,21.917,5.04,-5.3025
41.038,28.08,35.28,-4.5306
41.064,26.766,38.88,-3.7458
41.076,26.106,39.6,-3.0392
41.085,25.61,40.32,-2.4228
41.1,24.749,40.32,-1.9091
41.146,21.337,40.32,-1.5123
41.162,19.997,39.6,-1.1652
41.182,18.579,38.16,-0.89253
41.199,17.215,37.44,-0.673
41.22,15.467,36,-0.50114
41.244,13.493,33.12,-0.37479
41.258,12.066,31.68,-0.29119
41.312,8.9464,23.76,-0.26287
41.32,8.4402,21.6,-0.28807
41.345,7,20.16,-0.37755
41.355,6.4438,18,-0.52974
41.368,5.766,16.56,-0.74191
41.386,5.4597,15.84,-1.0018
41.403,4.4601,12.24,-1.2922
41.424,4.0063,11.52,-1.5862
41.44,3.6,10.08,-1.8522
41.497,3.8423,7.2,-2.0576
41.513,4.32,7.2,-2.1783
41.527,4.8469,6.48,-2.1996
41.54,5.04,6.48,-2.1255
41.55,5.04,6.48,-1.963
41.59,5.04,6.48,-1.7144
41.6,5.04,5.76,-1.4436
41.609,5.04,5.76,-1.1514
41.625,5.04,5.76,-0.85908
41.746,5.04,5.04,-0.56986
41.753,5.04,5.04,-0.34033
41.781,5.04,4.32,-0.15835
41.799,4.8767,4.32,-0.032898
41.829,4.32,3.6,0.034795
41.855,4.32,3.6,0.045827
41.874,3.6,2.88,0.0031424
41.907,3.6,2.88,-0.089166
41.93,3.6,2.88,-0.22533
41.958,3.6,2.16,-0.39951
41.977,3.6,2.16,-0.60325
41.997,3.6,2.16,-0.82979
42.02,3.6,2.16,-1.0692
42.036,3.6,2.16,-1.3168
42.089,3.6,2.16,-1.57
42.1,3.6,2.16,-1.8195
42.119,3.6,1.44,-2.0685
42.13,3.6,1.44,-2.3069
42.146,3.5729,1.44,-2.5371
42.16,2.88,1.44,-2.7637
42.185,2.88,0.72,-2.9901
42.197,2.8331,0.72,-3.2156
42.218,2.16,0,-3.4493
42.232,2.16,0,-3.6932
42.256,1.44,0,-3.9503
42.27,1.44,0,-4.229
42.298,1.44,-0.72,-4.5283
42.31,1.44,-0.72,-4.8349
42.444,4.1896,-2.88,-5.1317
42.454,4.32,-2.88,-5.4188
42.464,4.5935,-2.16,-5.6807
42.481,5.605,-2.16,-5.8936
42.497,6.5126,-2.16,-6.0696
42.515,7.8198,-2.16,-6.197
42.543,9.1067,-0.72,-6.2732
42.558,9.9877,0,-6.3053
42.571,10.702,0.72,-6.2753
42.603,12.525,2.16,-6.1838
42.612,13.02,2.88,-6.0238
42.624,13.706,4.32,-5.8059
42.653,16.362,5.04,-5.5462
42.661,17.155,6.48,-5.2309
42.67,18.227,7.2,-4.8939
42.69,19.801,8.64,-4.5569
42.705,21.444,10.08,-4.2141
42.724,22.971,12.96,-3.8894
42.742,24.707,15.12,-3.5801
42.778,26.801,21.6,-3.3002
42.788,27.295,23.76,-3.0281
42.799,27.92,25.92,-2.7775
42.816,28.927,27.36,-2.5468
42.833,29.52,29.52,-2.337
42.851,29.52,30.96,-2.1518
42.877,29.52,33.12,-1.9977
42.938,26.81,33.12,-1.8652
42.948,26.248,33.12,-1.8063
42.967,25.262,33.12,-1.7987
42.981,24.439,31.68,-1.8502
43.019,21.507,30.24,-1.9252
43.141,10.963,19.44,-1.9776
43.149,10.447,18,-2.1001
43.266,6.48,10.8,-2.2487
43.275,6.9176,10.08,-2.3296
43.285,7.2,9.36,-2.3663
43.298,7.5332,9.36,-2.3577
43.312,7.92,8.64,-2.3109
43.324,7.5285,8.64,-2.2423
43.342,7.2,7.92,-2.1508
43.363,7.92,7.92,-2.0426
43.381,7.92,7.92,-1.9275
43.398,8.64,7.92,-1.8066
43.416,8.64,7.92,-1.6853
43.436,8.9021,7.92,-1.5633
43.457,9.36,7.92,-1.44
43.483,9.36,7.92,-1.3196
43.499,9.36,7.92,-1.1968
43.52,9.3141,7.92,-1.0628
43.534,8.64,7.92,-0.91782
43.543,8.64,8.64,-0.76263
43.564,8.2295,8.64,-0.60287
43.578,7.92,8.64,-0.43595
43.608,7.1541,8.64,-0.2695
43.62,6.48,8.64,-0.10611
43.635,6.48,7.92,0.049922
43.654,5.9001,7.92,0.19657
43.673,5.76,7.92,0.3336
43.69,5.3269,7.2,0.45991
43.709,5.04,7.2,0.57673
43.728,5.04,7.2,0.68416
43.747,5.04,6.48,0.78139
43.763,5.04,6.48,0.86759
43.781,5.04,5.76,0.9428
43.807,5.04,5.76,1.0028
43.821,5.04,5.76,1.0488
43.854,5.04,5.04,1.0781
43.864,5.04,5.04,1.085
43.876,4.6969,5.04,1.0621
43.893,4.32,5.04,1.0025
43.908,4.32,4.32,0.89736
43.926,4.32,4.32,0.73968
43.982,4.32,3.6,0.52204
43.992,4.32,3.6,0.23801
44.011,3.6,2.88,-0.11878
44.021,3.6,2.88,-0.55622
44.041,3.6,2.16,-1.0827
44.115,2.16,2.16,-1.7017
44.154,2.16,0,-2.414
44.165,2.16,-0.72,-3.2047
44.204,3.3243,-1.44,-4.0389
44.25,6.0063,-1.44,-4.8426
44.554,26.64,0,-5.0775
44.562,26.64,5.76,-5.6934
44.569,26.64,6.48,-6.1775
44.585,26.64,7.92,-6.4623
44.604,26.64,9.36,-6.5876
44.621,26.64,10.8,-6.521
44.639,26.486,11.52,-6.3663
44.658,25.92,12.24,-6.0558
44.677,25.2,14.4,-5.7324
44.694,24.801,15.84,-5.402
44.712,23.773,18,-5.0056
44.73,23.48,19.44,-4.6613
44.749,22.354,22.32,-4.2948
44.77,21.6,23.04,-3.8901
44.801,20.067,25.2,-3.4648
44.814,19.198,25.92,-3.104
44.824,17.98,26.64,-2.7374
44.842,16.96,27.36,-2.3538
44.864,15.716,28.08,-1.9738
44.879,14.864,28.08,-1.6107
44.904,13.396,28.08,-1.2634
44.917,12.667,28.08,-0.9173
44.936,11.621,27.36,-0.60558
44.962,10.16,26.64,-0.32002
44.969,9.7331,25.92,-0.063337
44.985,9.36,25.2,0.15021
44.999,8.7554,23.76,0.31815
45.031,6.9643,20.88,0.45947
45.042,6.48,20.16,0.54097
45.056,6.2445,18.72,0.58897
45.075,5.76,17.28,0.60708
45.1,4.4411,15.12,0.61749
45.175,3.6,10.8,0.65849
45.243,4.32,6.48,0.69925
45.295,4.32,5.04,0.73876
45.303,4.32,4.32,0.77937
45.318,4.32,4.32,0.8395
45.525,2.88,5.04,0.92295
45.625,2.16,3.6,1.0027
45.633,2.16,3.6,1.0791
45.85,1.9596,0.72,1.1412
45.857,1.5265,0.72,1.2021
45.901,1.44,0,1.2504
45.909,1.44,0,1.2791
45.927,1.44,0,1.2884
45.94,1.44,0,1.2765
45.958,1.44,0,1.2454
45.994,1.44,0,1.1983
46.021,1.44,0,1.1386
46.031,1.44,-0.72,1.0713
46.047,1.44,-0.72,1.0006
46.056,1.44,-0.72,0.92829
46.096,0.72,-0.72,0.85743
46.122,0.72,-0.72,0.78635
46.133,0.72,-0.72,0.71505
46.147,0.72,-0.72,0.64469
46.161,0.72,-0.72,0.57495
46.173,0.72,-0.72,0.50428
46.192,0.72,-0.72,0.43242
46.227,1.44,-0.72,0.35855
46.24,1.9577,-0.72,0.28095
46.255,2.16,-0.72,0.19831
46.267,2.16,-0.72,0.10973
46.283,2.88,-0.72,0.015354
46.295,2.88,-0.72,-0.083464
46.333,3.6,-0.72,-0.1845
46.34,3.6,-0.72,-0.28633
46.353,3.6,-0.72,-0.38801
46.372,4.32,-0.72,-0.48961
46.396,4.32,-1.44,-0.5914
46.41,4.542,-1.44,-0.69396
46.447,5.04,-1.44,-0.79513
46.454,5.04,-1.44,-0.90167
46.466,5.04,-2.16,-1.0163
46.484,5.04,-2.16,-1.1438
46.503,5.5735,-2.16,-1.2882
46.524,5.76,-2.88,-1.4563
46.54,5.76,-2.88,-1.6531
46.572,5.76,-2.88,-1.8723
46.579,5.76,-2.88,-2.1441
46.593,5.76,-2.88,-2.454
46.609,5.76,-2.88,-2.7933
46.627,5.76,-2.88,-3.1565
46.646,5.52,-2.88,-3.544
46.671,5.04,-2.88,-3.8849
46.69,5.04,-2.88,-4.208
46.702,5.04,-2.88,-4.5252
46.719,5.04,-2.88,-4.7455
46.739,5.04,-2.88,-4.8579
46.826,3.6,-2.88,-4.9225
46.835,3.6,-2.88,-4.9678
46.848,3.6,-2.88,-4.9458
46.869,2.88,-2.88,-4.8639
46.883,2.6246,-2.16,-4.7186
46.903,2.16,-2.16,-4.5425
46.927,1.5796,-2.16,-4.3632
46.94,1.44,-2.16,-4.1756
46.956,1.3267,-2.16,-3.9991
46.973,0.72,-1.44,-3.8361
46.992,0.72,-1.44,-3.6906
47.008,0.72,-1.44,-3.5615
47.056,0.72,-1.44,-3.4487
47.063,0.72,-1.44,-3.3599
47.074,0.72,-1.44,-3.2899
47.09,0.72,-1.44,-3.2324
47.125,0.72,-1.44,-3.1839
47.19,0.72,-1.44,-3.1432
47.197,0.72,-1.44,-3.127
47.234,0.72,-1.44,-3.112
47.25,0.72,-1.44,-3.1004
47.26,0.72,-1.44,-3.0957
47.288,0.72,-1.44,-3.0948
47.295,0.72,-1.44,-3.0977
47.308,0.72,-1.44,-3.1036
47.321,0.72,-1.44,-3.1133
47.344,0.72,-1.44,-3.1267
47.359,0.72,-1.44,-3.1475
47.383,0.72,-1.44,-3.1776
47.402,0.72,-1.44,-3.2221
47.41,0.72,-1.44,-3.279
47.428,0.72,-2.16,-3.3512
47.445,0.72,-2.16,-3.4369
47.469,0.72,-2.16,-3.536
47.481,0.72,-2.16,-3.646
47.517,0.72,-2.16,-3.7664
47.524,0.72,-2.88,-3.888
47.537,0.72,-2.88,-4.0099
47.558,0.72,-2.88,-4.1289
47.581,0.72,-2.88,-4.242
47.597,0.72,-2.88,-4.3466
47.618,0.72,-2.88,-4.4445
47.636,0.72,-2.88,-4.5288
47.655,0.72,-2.88,-4.6044
47.673,0.72,-2.88,-4.6735
47.694,0.72,-2.88,-4.7306
47.714,0.72,-2.88,-4.7832
47.756,0.72,-2.88,-4.8319
47.763,0.72,-2.88,-4.8656
47.776,0.72,-2.88,-4.8954
47.795,0.72,-2.88,-4.924
47.808,0.72,-2.88,-4.9505
47.827,0.72,-2.88,-4.9773
47.845,0.72,-2.88,-5.0042
47.882,0.72,-2.88,-5.0342
47.89,0.72,-2.88,-5.0588
47.902,0.72,-2.88,-5.0838
47.919,0.72,-2.88,-5.1057
47.938,0.72,-2.88,-5.1241
47.953,0.72,-2.88,-5.1396
47.987,0.72,-2.88,-5.1546
47.999,0.72,-2.88,-5.1655
48.009,0.72,-2.88,-5.1757
48.025,0.72,-2.88,-5.1872
48.044,0.12789,-2.88,-5.2035
48.063,0,-2.88,-5.2201
48.082,0,-2.88,-5.2391
48.115,0,-2.88,-5.2597
48.126,0,-2.88,-5.281
48.138,0,-2.88,-5.3028
48.157,0,-2.88,-5.3251
48.178,0,-3.6,-5.3475
48.196,0,-3.6,-5.3703
48.222,0,-3.6,-5.3911
48.248,0,-3.6,-5.4208
48.256,0,-3.6,-5.4496
48.272,0,-3.6,-5.4794
48.294,0,-3.6,-5.5156
48.31,0,-3.6,-5.5551
48.343,0,-3.6,-5.5985
48.354,0,-3.6,-5.646
48.368,0,-3.6,-5.6971
48.384,0,-3.6,-5.7508
48.403,0,-3.6,-5.8057
48.419,0,-3.6,-5.8612
48.494,0,-3.6,-5.9172
48.514,0,-3.6,-5.9736
48.524,0,-3.6,-6.0299
48.538,0,-3.6,-6.0853
48.552,0,-3.6,-6.1396
48.599,0,-3.6,-6.2003
48.609,0,-3.6,-6.2505
48.622,0,-3.6,-6.2975
48.635,0,-3.6,-6.3415
48.655,0,-3.6,-6.3865
48.666,0,-3.6,-6.4255
48.695,0,-3.6,-6.4676
48.711,0,-4.32,-6.5079
48.723,0,-4.32,-6.547
48.734,0,-4.32,-6.5839
48.753,0,-4.32,-6.6168
48.781,0,-4.32,-6.6507
48.799,0,-4.32,-6.6811
48.824,0,-4.32,-6.7151
48.855,0,-4.32,-6.7392
48.876,0,-4.32,-6.7633
48.886,0,-4.32,-6.7794
48.946,0,-4.32,-6.7952
48.955,0,-4.32,-6.8013
48.966,0,-4.32,-6.8025
48.983,0,-4.32,-6.8032
48.993,0,-4.32,-6.7998
49.011,0,-4.32,-6.792
49.027,0,-4.32,-6.7855
49.057,0,-4.32,-6.7748
49.067,0,-4.32,-6.7715
49.084,0,-4.32,-6.7687
49.103,0,-4.32,-6.767
49.123,0,-5.04,-6.7671
49.14,0,-5.04,-6.7716
49.16,0,-5.04,-6.7706
49.183,0,-5.04,-6.7646
49.194,0,-5.04,-6.7557
49.209,0,-5.04,-6.7367
49.228,0,-5.04,-6.7071
49.245,0,-5.04,-6.6703
49.263,0,-5.04,-6.6181
49.296,0,-5.04,-6.5557
49.336,0,-5.04,-6.4948
49.344,0,-5.04,-6.4347
49.362,0,-5.04,-6.3697
49.375,0,-5.04,-6.303
49.437,0,-5.04,-6.24
49.447,0,-5.04,-6.1834
49.458,0,-5.04,-6.135
49.491,0,-5.04,-6.0891
49.506,0,-5.04,-6.0555
49.523,0,-5.04,-6.03
49.542,0,-5.04,NaN
49.551,NaN,-5.04,NaN
