2.5778,-0,0,NaN
2.5861,-0,0,NaN
2.5979,-0,0,NaN
2.6092,-0,0,0.0093788
2.6344,-0,0,0.0069458
2.6543,-0,0,0.0042754
2.6743,-0,0,0.00093608
2.6946,-0,0,-0.0014241
2.7167,-0,0,-0.0025163
2.7347,-0,0,-0.003253
2.7542,-0,0,-0.0041848
2.7747,-0,0,-0.0047113
2.7943,-0,0,-0.0048846
2.8165,-0,0,-0.0041025
2.834,-0,0,-0.002964
2.8541,-0,0,-0.0018709
2.8744,-0,0,0.00042331
2.8953,-0,0,0.0028013
2.917,-0,0,0.0057478
2.9341,-0,0,0.008333
2.9543,-0,0,0.010493
2.9743,-0,0,0.012629
2.9943,-0,0,0.014387
3.017,-0,0,0.016151
3.0346,-0,0,0.017678
3.0543,-0,0,0.018857
3.0744,-0,0,0.019524
3.0942,-0,0,0.019846
3.118,-0,0,-0.0074695
3.1339,-0,0,-0.0073913
3.1542,-0,0,-0.032288
3.1743,-0,0,-0.031642
3.1875,-0,0.5,-0.031069
3.2176,-0,0.5,-0.052948
3.2269,-0,0.5,-0.051795
3.2477,-0,0.5,-0.07195
3.274,-0,0.5,-0.070362
3.2943,-0,0.5,-0.068551
3.3186,-0,0.5,-0.083803
3.3301,-0,0.5,-0.080659
3.3489,-0,0.5,-0.085956
3.374,-0,1,-0.079918
3.3941,-0,1,-0.075388
3.409,-0,1,-0.077794
3.4286,-0,1,-0.067139
3.4531,-0,1,-0.061484
3.4678,-0,1,-0.059227
3.5177,-0,1,-0.061671
3.5258,-0,1,-0.056058
3.5344,-0,1,-0.050446
3.5459,-0,1,-0.044304
3.5668,-0,0.5,-0.043607
3.5855,-0,0.5,-0.038053
3.6048,-0,0.5,-0.0372
3.6345,-0,0,-0.031353
3.6455,-0,0,-0.025856
3.6678,-0,-0.5,-0.022426
3.6876,-0,-0.5,-0.016661
3.7048,-0,-1,-0.011434
3.7246,-0,-1,-0.0059013
3.7452,-0,-1.5,-0.00072073
3.7669,-0,-1.5,0.004111
3.7863,-0,-1.5,0.0083843
3.8041,-0,-1.5,0.012257
3.8244,-0,-1.5,0.014996
3.8443,-0,-1.5,0.016767
3.8671,-0,-1.5,0.018789
3.8886,-0,-1.5,0.018773
3.9068,-0,-1.5,0.018398
3.9339,-0,-1.5,0.017264
3.948,-0,-1.5,0.01558
3.9688,-0,-1.5,0.013869
3.994,-0,-1.5,0.011841
4.0181,-0,-1.5,0.010291
4.0339,-0,-1.5,0.0082799
4.0543,-0,-1.5,0.0064478
4.0741,-0,-1.5,0.0047767
4.094,-0,-1.5,0.0032805
4.1178,0.5,-1,0.0019096
4.1331,0.5,-1,0.00051561
4.1544,-0,-1,-0.0010552
4.1736,-0,-1,-0.0029647
4.1937,0.5,-1,-0.0053386
4.2174,0.5,-1,-0.0083784
4.2337,0.5,-1,-0.011996
4.2537,-0,-1,-0.016245
4.2773,-0,-1,-0.020989
4.3039,-0,-1,-0.025546
4.3174,-0,-1,-0.030293
4.3441,-0,-1,-0.034047
4.3537,-0,-1,-0.036935
4.3675,-0,-1,-0.040329
4.3939,-0,-1,-0.04137
4.4056,-0,-1,-0.042508
4.4275,-0,-1,-0.042994
4.4443,-0,-1,-0.043831
4.4666,-0,-1,-0.046434
4.485,-0,-1,-0.049596
4.5047,-0,-1,-0.054851
4.5263,-0,-1,-0.062567
4.5447,-0,-1,-0.073911
4.5669,-0,-1,-0.089773
4.587,-0,-1,-0.11004
4.6043,-0,-0.5,-0.13603
4.6242,-0,-0.5,-0.16461
4.6551,-0,0,-0.20163
4.6664,-0,0.5,-0.2418
4.6886,-0,0.5,-0.27537
4.7056,-0,0.5,-0.29644
4.7246,-0.5,0.5,-0.29505
4.744,-0.5,0.5,-0.26334
4.7689,-0.5,0.5,-0.19791
4.7847,-0.5,0.5,-0.10277
4.8073,-0.5,0.5,0.030663
4.824,-0.5,0,0.19027
4.8446,-0.5,0,0.37434
4.8665,-0.5,0,0.57303
4.8832,-0.5,0,0.79051
4.9029,-0.5,0,0.92517
4.9177,-1,-0.5,1.1695
4.9381,-1,-0.5,1.3673
4.9568,-1,-0.5,1.4953
4.9772,-0.5,-0.5,1.5863
4.9986,-0.5,-0.5,1.6828
5.0232,-0,-0.5,1.6535
5.0433,0.5,-0.5,1.4891
5.0668,1.5,-0.5,1.3425
5.083,2,-0.5,1.0396
5.103,2.5,-0.5,0.83519
5.1231,3.5,-1,0.62494
5.1438,3.5,-1,0.37884
5.167,3.5,-1,0.17162
5.1832,3.5,-1.5,0.0070723
5.2033,3.5,-1.5,-0.10304
5.2227,3,-1.5,-0.15961
5.2432,2.5,-2,-0.16875
5.2684,2,-2,-0.12256
5.2846,1.5,-2,-0.034283
5.3059,1.5,-2,0.068084
5.3258,1,-1.5,0.12558
5.3464,0.5,-1.5,0.16127
5.3685,-0,-1.5,0.22352
5.3928,-0.5,-1.5,0.10272
5.4153,-1,-1.5,-0.13269
5.4331,-0.5,-1,-0.47418
5.4527,-0.5,-0.5,-0.87858
5.4683,-1,0,-1.3795
5.4883,-1,0.5,-1.9259
5.5072,-1,0.5,-2.4949
5.5283,-1,0.5,-3.0602
5.5478,-1,0.5,-3.6279
5.5728,-0.5,0.5,-4.0923
5.5887,-0.5,0.5,-4.5186
5.6085,-0.5,0.5,-4.8691
5.6273,-1,0.5,-5.1829
5.6473,-0.5,0.5,-5.4748
5.6725,-0.5,1,-5.6613
5.6928,-0.5,1,-5.7996
5.7059,-0,1,-5.9274
5.7328,-0,1.5,-5.9819
5.7472,-0,1.5,-5.9887
5.7677,-0,1.5,-5.99
5.7883,0.5,1.5,-6.0029
5.8084,0.5,1.5,-5.9893
5.826,-0,1,-5.9541
5.8459,-0,1,-5.928
5.8654,-0.5,1,-5.8941
5.8849,-0.5,1,-5.8161
5.9035,-0.5,1,-5.7114
5.927,-0.5,0.5,-5.5709
5.9427,-0.5,0.5,-5.3489
5.9652,-0.5,1,-5.0282
5.9827,-0.5,2,-4.6286
6.0036,-0.5,2.5,-4.1675
6.0227,-0.5,3,-3.6504
6.0427,-1,4.5,-3.1032
6.0661,-1,6,-2.5815
6.0831,-1,7,-2.0548
6.1032,-1,7.5,-1.6175
6.1225,-1,7.5,-1.2686
6.1428,-1,7.5,-1.0272
6.1565,-1,7.5,-0.87833
6.1784,-1,7.5,-0.82754
6.1973,-0.5,7,-0.8181
6.2177,-1,6.5,-0.67234
6.2427,-0.5,6,-0.69286
6.2579,-1,5.5,-0.50233
6.2773,-1,5,-0.20264
6.2966,-1,4,0.16046
6.3167,-0.5,3.5,0.51297
6.3384,-1,3,0.82135
6.3568,-0.5,2.5,1.5185
6.3826,-0.5,2,1.8903
6.4051,-0,1.5,2.163
6.4225,0.5,1,2.4654
6.4426,0.5,0.5,2.3921
6.4652,0.5,0.5,2.0003
6.4828,1,0,1.4336
6.5026,0.5,-0.5,0.90019
6.5234,-0,-1.5,0.47125
6.5524,0.5,-1.5,0.19171
6.5667,-0,-2,0.12337
6.5861,-0,-2,0.26568
6.6037,0.5,-1.5,0.49369
6.6224,0.5,-1,0.4489
6.6427,-0,-1,-0.30075
6.665,0.5,-1.5,-1.8126
6.6828,-0,0,-3.6203
6.7026,-1,0,-5.8033
6.7234,-2,0.5,-8.0505
6.7429,-3,1,-10.224
6.7654,-4,1.5,-12.03
6.7787,-5,2,-13.947
6.803,-6,2,-15.462
6.8226,-7,2,-16.561
6.843,-7,2,-17.322
6.8584,-7,2,-17.813
6.878,-7.5,2,-17.954
6.8958,-7.5,2,-17.849
6.9168,-7.5,2.5,-17.549
6.9359,-7.5,3,-16.952
6.9583,-7.5,3,-16.254
6.9762,-7.5,3,-15.424
6.995,-7.5,3,-14.41
7.0156,-7.5,3,-13.365
7.0345,-7.5,3.5,-12.194
7.0648,-7.5,4,-10.865
7.0731,-7.5,4.5,-9.4859
7.0933,-7.5,5,-8.019
7.1148,-7.5,6,-6.5353
7.1326,-7.5,7.5,-5.1063
7.1533,-7.5,9.5,-3.8098
7.1729,-7.5,12,-2.7201
7.1936,-7.5,13,-1.8891
7.2148,-7,14,-1.3469
7.2361,-7,14.5,-1.1151
7.2541,-7,14.5,-1.1782
7.2743,-7,14,-1.4885
7.2955,-7,13.5,-1.9302
7.3163,-7,13,-2.32
7.3344,-6.5,12.5,-2.5358
7.3554,-6,11.5,-2.5123
7.374,-5.5,10,-2.3238
7.3961,-5,9,-1.8621
7.4163,-4.5,8,-0.29729
7.4371,-4,7,2.0514
7.4566,-4,6,5.1556
7.4777,-4,5,7.0064
7.498,-4,4.5,7.8466
7.522,-3.5,4,7.1918
7.5424,-4,3,6.0678
7.5647,-4,2.5,4.8186
7.5825,-3,2,3.5051
7.598,-3,1,2.2261
7.6182,-2.5,1,1.0683
7.638,-3,0.5,0.075754
7.6648,-3,0,-0.70283
7.6822,-3.5,0,-1.2423
7.698,-3.5,0,-1.4005
7.7225,-3.5,0.5,-1.3823
7.7378,-3.5,0.5,-0.87259
7.7648,-4,2,-0.41477
7.7822,-3.5,2.5,-0.040282
7.8024,-4,3,-0.017787
7.8176,-3.5,3,-0.61274
7.8423,-4.5,3,-1.7792
7.8727,-5,3.5,-3.0011
7.8824,-5.5,3.5,-4.4605
7.9024,-6,3.5,-5.8786
7.9176,-7,3.5,-7.4662
7.9374,-8,4,-9.1656
7.9565,-9,4,-10.582
7.9761,-9.5,4.5,-12.007
7.997,-10,4.5,-12.868
8.0182,-11,5,-13.334
8.0422,-11.5,5.5,-13.705
8.057,-12,5.5,-14.094
8.0763,-13,5.5,-13.727
8.0966,-13.5,5.5,-12.879
8.1161,-13.5,6,-11.623
8.1359,-13.5,6,-10.106
8.1556,-14,6.5,-8.4517
8.1769,-13.5,7,-6.7621
8.1971,-13.5,8,-5.1082
8.2173,-14,9.5,-3.574
8.2365,-14,11,-2.2524
8.2564,-13.5,12.5,-1.2044
8.276,-13.5,14,-0.45291
8.295,-13.5,15,-0.020872
8.3156,-13.5,16,0.077363
8.3362,-13.5,16.5,-0.14469
8.3578,-14,16.5,-0.66967
8.376,-14,16.5,-1.4041
8.3942,-14,16,-2.3646
8.4147,-14,15.5,-3.578
8.432,-14,15,-4.7318
8.4538,-14,14,-5.9338
8.4736,-14,12.5,-8.774
8.5051,-13.5,12,-11.796
8.5145,-13.5,11.5,-15.86
8.5321,-13.5,10.5,-18.513
8.5521,-13.5,9.5,-19.133
8.5723,-13.5,8.5,-19.482
8.5921,-13.5,7.5,-20.735
8.6146,-13,6.5,-21.109
8.6321,-13,6,-20.031
8.652,-12.5,5.5,-18.642
8.6722,-12,5,-16.436
8.6921,-11.5,4.5,-11.783
8.7145,-10.5,4,-2.9326
8.7321,-10,3.5,8.3472
8.7522,-8.5,3.5,12.131
8.7719,-6,3,10.56
8.7923,-5,2.5,7.7824
8.8146,-4,2,5.1567
8.8326,-3,1.5,2.9064
8.8523,-2,1.5,1.0897
8.8722,-1.5,1,-0.26148
8.8921,-1,1,-1.1404
8.9065,-1,1,-1.6089
8.9249,-1,1.5,-1.6584
8.9434,-1,1.5,-1.3221
8.9644,-1.5,2.5,-0.65453
8.9851,-1.5,2.5,0.32659
9.002,-2,3,1.3219
9.0217,-2,4,2.5269
9.042,-2.5,4.5,4.5624
9.0644,-3,4.5,7.0192
9.082,-3.5,4.5,8.9082
9.102,-4.5,4.5,8.9782
9.1217,-6,4.5,13.209
9.1645,-6.5,4.5,14.896
9.1729,-7,4.5,15.538
9.1821,-7.5,4.5,14.398
9.2032,-8.5,5,17.141
9.2233,-9,5,18.882
9.2433,-9.5,5,18.007
9.2645,-10,5.5,17.031
9.2819,-10,6,14.184
9.302,-9.5,6.5,7.7343
9.322,-9.5,7,-3.1871
9.3421,-9.5,7.5,-10.298
9.3646,-10,8,-7.2917
9.382,-10,9.5,-4.568
9.4019,-10,11,-2.7286
9.4219,-10,13,-1.5212
9.442,-10.5,14,-0.49405
9.4644,-10.5,15,0.44016
9.4818,-10.5,16.5,1.0826
9.502,-10.5,17,1.2966
9.5214,-10.5,17.5,1.0896
9.5419,-11,17.5,0.49011
9.5644,-11,17,-0.49024
9.5821,-11,16.5,-1.6421
9.6017,-11.5,16,-2.5282
9.6246,-11.5,15.5,-3.2797
9.642,-11,14.5,-3.6
9.6643,-11,13.5,-3.8271
9.6816,-11,12.5,-3.7597
9.7018,-11,11,-3.3892
9.7236,-10.5,10,-4.0292
9.7374,-10.5,9,-6.8486
9.7568,-10,7.5,4.0175
9.7758,-9,6.5,13.06
9.7976,-9,6,-3.0268
9.8178,-7.5,5.5,13.42
9.8418,-6,5,13.49
9.8575,-5,5,12.858
9.8818,-4.5,4.5,11.571
9.902,-3.5,4,9.1453
9.9214,-3,3,6.7639
9.9417,-2.5,2.5,4.4639
9.9639,-2.5,2,2.415
9.9818,-2.5,2,0.74079
10.002,-3,2,-0.52938
10.018,-3,2,-1.3935
10.037,-3.5,2,-1.8515
10.065,-4,2.5,-1.9241
10.078,-4,2.5,-1.5827
10.097,-4.5,2.5,-0.90456
10.117,-5,2.5,-0.018601
10.136,-5.5,3,0.74485
10.155,-6.5,2.5,0.42747
10.176,-7,3,-1.183
10.197,-8,3,-3.1689
10.216,-8.5,3,-5.4438
10.237,-9,3,-8.0938
10.258,-10,3,-11.791
10.282,-10,3.5,-13.826
10.297,-10.5,3.5,-15.741
10.314,-11,3.5,-18.062
10.342,-11,3.5,-19.23
10.355,-11,4,-20.148
10.375,-11,4,-20.566
10.393,-11,4,-20.405
10.414,-11,4.5,-20.043
10.434,-11,4.5,-19.246
10.456,-11,4.5,-18.305
10.476,-11,5,-17.124
10.494,-11,5.5,-15.584
10.514,-11,6.5,-14.035
10.535,-11.5,7,-12.334
10.554,-11.5,8,-10.733
10.577,-12,9,-9.0591
10.596,-12,10,-7.4181
10.614,-12,11.5,-6.0961
10.636,-12,12,-5.1618
10.655,-12,12.5,-4.6139
10.677,-12,13,-4.4687
10.702,-12,13,-4.6823
10.722,-12,13,-5.1956
10.742,-12,12.5,-5.9054
10.764,-11.5,8,-2.2938
10.872,-11.5,7.5,-2.0974
10.881,-11,7,-0.14115
10.922,-11,5.5,0.68546
10.933,-10.5,5.5,2.3021
10.941,-10,4.5,7.624
10.986,-9.5,4.5,10.707
11.004,-8.5,4.5,12.222
11.021,-7,4,11.12
11.042,-6,4,9.4962
11.066,-4,4,7.72
11.107,-3.5,4,6.1391
11.116,-3,3.5,4.7795
11.125,-2.5,3.5,3.5882
11.142,-2.5,3,2.3611
11.165,-2,3,1.338
11.176,-2,2,0.53472
11.205,-2.5,2,-0.08979
11.222,-2.5,1.5,-0.56733
11.241,-3.5,0.5,-0.96515
11.283,-4,0,-1.175
11.292,-4,0,-1.2248
11.301,-4.5,0,-1.1
11.322,-5,0,-0.74003
11.344,-5.5,0,-0.20814
11.366,-6,0,0.33251
11.382,-6.5,0.5,0.71246
11.402,-7.5,1,0.3811
11.421,-8,2,-0.40167
11.441,-8.5,2.5,-1.5051
11.464,-9.5,2.5,-2.7231
11.481,-10,3,-4.2669
11.501,-10.5,2.5,-5.9313
11.521,-11,2.5,-7.5417
11.542,-11,2,-9.1223
11.566,-11.5,2,-10.587
11.583,-11.5,1.5,-11.667
11.601,-11,1.5,-12.504
11.622,-10.5,1.5,-13.057
11.642,-10.5,1.5,-13.322
11.664,-10,1.5,-13.509
11.681,-10.5,1.5,-13.418
11.706,-10.5,1.5,-13.228
11.721,-11,1.5,-13.094
11.746,-11.5,1.5,-12.634
11.777,-12,1.5,-12.27
11.792,-12,1.5,-11.846
11.802,-12.5,1.5,-11.334
11.821,-13,1.5,-10.821
11.841,-13,1.5,-10.199
11.864,-13.5,2,-9.5433
11.883,-13.5,2,-8.9545
11.901,-13,2.5,-8.3607
11.921,-13,2.5,-7.7067
11.941,-13,3,-7.0494
11.963,-13,3.5,-6.3711
11.981,-13,4,-5.6915
12.001,-13,5,-5.0567
12.021,-13.5,6,-4.4429
12.041,-13.5,7.5,-3.981
12.064,-14,8.5,-3.6759
12.081,-14,9,-3.3927
12.101,-14,10,-3.158
12.121,-13.5,10.5,-3.0608
12.152,-13.5,11,-3.032
12.164,-13,10.5,-2.9704
12.181,-12.5,10.5,-2.8995
12.201,-12,10,-2.5796
12.22,-11.5,9.5,-2.1491
12.241,-11,9,-1.3475
12.263,-9.5,8,0.15232
12.283,-8.5,7.5,1.6136
12.302,-6.5,7,3.3724
12.321,-5.5,6,4.9038
12.341,-5,5.5,6.391
12.364,-4,5,6.5463
12.377,-3.5,4.5,6.4156
12.395,-3,4,5.7058
12.415,-2,3.5,4.6499
12.436,-1.5,3,3.6737
12.455,-1.5,2.5,2.8016
12.475,-2,2,2.0775
12.496,-3,2,1.5191
12.514,-4,1.5,1.2486
12.535,-5,1,1.2416
12.555,-5.5,0.5,1.5525
12.576,-6.5,0,2.2851
12.594,-7.5,-0.5,3.3393
12.614,-8,-0.5,3.1855
12.634,-9.5,-0.5,0.72918
12.663,-10,-0.5,-0.31692
12.675,-10.5,-0.5,-2.2932
12.694,-11.5,0,-4.2337
12.715,-12.5,-0.5,-6.9026
12.741,-13,0.5,-8.7273
12.763,-14,1,-10.066
12.775,-14,1,-11.438
12.791,-14.5,2,-12.563
12.814,-14.5,2,-13.41
12.832,-14.5,2,-13.974
12.852,-15,2.5,-14.361
12.872,-15.5,2.5,-14.841
12.891,-15,2.5,-15.476
12.913,-14.5,3,-15.96
12.932,-14,3,-16.371
12.953,-14,3,-16.671
12.972,-13.5,3,-16.906
12.994,-13.5,2.5,-17.068
13.014,-13.5,2.5,-17.343
13.032,-13.5,3,-17.47
13.051,-13.5,3,-17.686
13.072,-13.5,3,-17.694
13.092,-14,2.5,-17.49
13.113,-14,2.5,-17.225
13.131,-14,2.5,-16.882
13.151,-14,2.5,-16.482
13.171,-14,3,-15.922
13.191,-14,3,-15.138
13.213,-14,3.5,-14.242
13.231,-14,4,-13.276
13.251,-14,5,-12.311
13.27,-14,6,-11.236
13.292,-14,8,-10.116
13.315,-13.5,10,-9.0277
13.334,-13.5,11.5,-7.8844
13.353,-12.5,13,-6.6357
13.374,-12,13.5,-5.3835
13.393,-11,14.5,-4.1312
13.416,-10.5,14.5,-2.8837
13.441,-10,14.5,-2.1413
13.453,-8.5,14.5,-1.291
13.473,-7,14,-0.52913
13.493,-6,13,0.052653
13.514,-5,12,0.53387
13.533,-4.5,10.5,0.99322
13.551,-3.5,8.5,1.7981
13.596,-3.5,7.5,2.0904
13.604,-3,7,2.4549
13.62,-3,6.5,2.5786
13.632,-3,5.5,2.7422
13.65,-3,4,2.8412
13.672,-3.5,3,2.6311
13.69,-4,2,2.2547
13.714,-5,1,1.8983
13.73,-5.5,-0.5,1.6369
13.754,-6,-0.5,1.4681
13.77,-7,-1,1.3414
13.79,-7.5,-1.5,1.1662
13.813,-8,-1.5,0.82956
13.83,-9,-1.5,0.37167
13.85,-10.5,0,-0.95651
13.9,-11,0,-1.4021
13.913,-11.5,0.5,-2.0539
13.93,-12.5,1.5,-2.7629
13.95,-13,2,-3.4543
13.97,-13.5,2.5,-4.0747
13.992,-14,2.5,-4.5947
14.013,-14.5,2.5,-5.0283
14.031,-14.5,2.5,-5.3792
14.05,-15,2.5,-5.5233
14.07,-15.5,2.5,-5.6534
14.091,-16,2.5,-5.8478
14.113,-16,2.5,-6.0465
14.131,-15.5,2.5,-6.1179
14.145,-15,2.5,-6.1084
14.173,-15,2.5,-6.0802
14.19,-15,2.5,-6.0244
14.206,-15,3,-5.9398
14.232,-15,3,-5.7727
14.245,-15,3.5,-5.5593
14.27,-15,3.5,-5.2482
14.29,-15,3.5,-4.9263
14.313,-15,3.5,-4.6064
14.326,-15.5,3.5,-4.252
14.345,-15.5,4,-3.8624
14.365,-15.5,4,-3.4514
14.39,-15.5,4.5,-3.0912
14.413,-15.5,5,-2.815
14.43,-15.5,6,-2.6337
14.451,-15.5,7.5,-2.565
14.471,-15.5,9,-2.6598
14.491,-15.5,10.5,-3.0362
14.515,-15.5,11,-3.6055
14.533,-15.5,11.5,-4.3994
14.552,-15.5,12,-5.6603
14.572,-15.5,12,-7.149
14.591,-15,12,-8.2272
14.624,-14.5,12,-9.4552
14.632,-14,12,-11.68
14.653,-13,11.5,-13.093
14.674,-12.5,11,-13.799
14.691,-11.5,10,-13.749
14.716,-10.5,9.5,-12.64
14.732,-9,8.5,-10.46
14.754,-7,8,-3.3583
14.78,-6,7.5,-0.17917
14.794,-4.5,7,2.01
14.813,-3.5,6.5,3.4517
14.832,-2.5,5.5,3.1435
14.854,-2,5,2.3241
14.874,-1,4.5,1.4583
14.893,-0.5,3.5,0.55992
14.913,-0.5,3,-0.15268
14.935,-1,3,-0.68208
14.952,-1.5,2,-1.0751
14.972,-2.5,1.5,-1.3216
14.991,-3.5,0.5,-1.4696
15.012,-4.5,0.5,-1.529
15.03,-6,-0.5,-1.4735
15.062,-7,-0.5,-1.113
15.072,-8.5,-1,-0.50758
15.094,-10,-1,0.079623
15.113,-11.5,-1,0.078401
15.134,-12.5,0,-0.72291
15.162,-12.5,0,-1.3559
15.174,-13.5,-0.5,-2.2489
15.2,-14.5,2.5,-2.9325
15.216,-15.5,3,-3.8218
15.24,-15.5,4,-4.45
15.262,-15.5,3.5,-4.9134
15.28,-16,3.5,-5.5365
15.3,-16,4,-6.2601
15.32,-16,4,-6.7849
15.342,-14.5,3.5,-7.351
15.362,-14.5,3.5,-8.0112
15.382,-15,3,-8.3836
15.403,-15,3,-8.6591
15.421,-15,3,-8.9342
15.441,-15,3,-9.1001
15.462,-15,3,-9.307
15.482,-15,3.5,-9.5647
15.502,-15,3.5,-9.7145
15.521,-15.5,3.5,-9.5272
15.546,-15,3.5,-9.5125
15.563,-15,3.5,-9.4382
15.582,-15,3.5,-9.3633
15.604,-15,3.5,-9.2474
15.622,-15,4,-8.88
15.642,-15,4,-8.3828
15.662,-15,4.5,-7.7847
15.681,-15,5,-7.35
15.712,-15,6,-6.7275
15.723,-15,7,-6.2015
15.741,-14.5,9,-5.6281
15.762,-14,11,-5.0605
15.78,-13.5,12,-4.4004
15.8,-13,13.5,-3.7739
15.822,-12,14.5,-3.1181
15.85,-11.5,14.5,-2.6571
15.862,-10.5,15,-2.1574
15.88,-8,14.5,-1.42
15.912,-7,14,-1.1041
15.92,-5.5,13.5,-0.52652
15.94,-4.5,12.5,0.18836
15.964,-3.5,11,0.92321
15.983,-3,10,1.555
16.002,-2,9,1.8287
16.025,-1.5,8,1.9629
16.042,-1,7,2.067
16.062,-1,6,1.9973
16.081,-1,4.5,1.7556
16.102,-1.5,3.5,1.5463
16.12,-2.5,2.5,1.3978
16.142,-3.5,1.5,1.3831
16.164,-5,0.5,1.5088
16.19,-6,0,1.8825
16.204,-7,-0.5,2.2537
16.225,-9,-1,1.6419
16.249,-10.5,-1.5,0.4892
16.269,-11.5,-1.5,-0.99839
16.29,-12.5,-1.5,-2.0171
16.304,-13.5,-1,-3.7463
16.323,-14.5,-0.5,-5.6764
16.349,-15.5,0,-6.9338
16.362,-16,0,-8.3987
16.384,-16.5,1,-9.4244
16.402,-16.5,2,-9.9331
16.429,-16.5,2,-10.351
16.44,-17,2.5,-10.657
16.462,-17.5,2,-11.224
16.485,-17,1.5,-11.864
16.504,-16.5,2,-12.734
16.529,-15.5,2,-13.127
16.553,-15.5,2,-13.425
16.562,-15.5,2,-13.648
16.59,-15.5,2,-13.717
16.6,-15.5,2,-14.055
16.622,-15.5,2,-14.348
16.64,-15.5,2,-14.394
16.662,-15.5,2,-14.405
16.679,-15.5,2,-14.216
16.7,-15.5,2.5,-13.609
16.731,-15.5,3,-13.414
16.739,-15.5,3,-13.225
16.753,-15.5,3,-13.052
16.775,-15.5,3,-12.71
16.795,-15,3.5,-12.356
16.829,-15,3.5,-11.846
16.84,-15,4,-11.22
16.854,-15.5,4,-10.538
16.873,-15.5,5,-9.869
16.893,-15,6.5,-9.5919
16.923,-15,7,-9.1073
16.94,-15,12,-9.4928
16.973,-14.5,12.5,-8.8805
16.981,-14,13.5,-8.353
17,-13.5,14,-7.4965
17.02,-12.5,15,-6.598
17.039,-12.5,15.5,-5.8247
17.055,-11.5,15.5,-5.1564
17.072,-10,16,-4.5492
17.092,-8,15.5,-3.9683
17.12,-7,15.5,-3.4089
17.13,-6,14.5,0.77929
17.15,-4.5,13.5,2.4965
17.169,-4,12.5,2.4919
17.19,-3,11.5,2.4111
17.212,-2.5,10.5,2.2941
17.229,-1.5,9.5,2.1633
17.249,-1.5,8.5,2.0077
17.27,-1.5,7,1.8722
17.289,-1.5,6,1.7331
17.313,-2,4.5,1.6083
17.329,-3,3,1.5497
17.349,-4,2.5,1.5784
17.369,-5.5,1.5,1.725
17.389,-6.5,1,1.8687
17.412,-8,0,1.6738
17.429,-10,-0.5,1.2119
17.449,-12,-1,0.25467
17.481,-12.5,-1,-0.12338
17.489,-13.5,-1,-0.98494
17.512,-14,-0.5,-1.819
17.529,-15.5,0.5,-2.7216
17.551,-16.5,0.5,-3.6132
17.579,-17,0.5,-3.9495
17.592,-16.5,0.5,-4.1616
17.611,-16.5,2.5,-4.208
17.629,-17,2.5,-4.5201
17.662,-17,2.5,-4.7463
17.67,-16.5,2,-5.0989
17.691,-15,2,-5.3279
17.712,-15,2,-5.6165
17.731,-15,2,-5.8942
17.75,-15,2.5,-5.8748
17.779,-15,2.5,-5.9852
17.791,-15,2,-6.1722
17.813,-15,2.5,-6.2824
17.833,-15,2.5,-6.3988
17.85,-15,2.5,-6.4333
17.87,-15,2.5,-6.28
17.895,-15.5,3,-5.9913
17.929,-15.5,3,-5.9264
17.939,-15.5,3,-5.8465
17.953,-15.5,3,-5.8546
17.979,-15.5,3,-5.7122
17.995,-15.5,3,-5.4936
18.019,-15.5,3,-5.2241
18.034,-16,3.5,-4.8516
18.061,-16,4.5,-4.5359
18.079,-15.5,5.5,-4.4016
18.112,-15.5,6,-4.1768
18.12,-15,8.5,-4.277
18.139,-14.5,11,-4.6787
18.169,-14,12,-4.6038
18.179,-14,13,-4.6546
18.192,-13,14,-5.3829
18.219,-13,14.5,-5.2736
18.235,-12,15,-5.065
18.253,-11,15.5,-4.6757
18.275,-9.5,15,-3.8601
18.292,-8,14.5,-2.465
18.313,-6.5,14,-0.88696
18.334,-5,13.5,2.709
18.361,-4.5,12.5,2.6289
18.379,-3.5,11.5,2.1947
18.399,-3,10,1.6816
18.429,-3,9.5,1.2875
18.439,-2.5,8.5,0.92552
18.461,-2.5,7.5,0.62996
18.48,-2.5,6.5,0.40209
18.501,-3,6,0.2343
18.52,-4,4.5,0.13294
18.539,-5,3.5,0.093918
18.563,-6.5,3,0.12306
18.589,-7,1.5,0.23686
18.599,-8.5,1,0.56752
18.619,-10.5,0.5,1.024
18.639,-12,0,0.66184
18.661,-14.5,0,0.15288
18.68,-15,-0.5,-0.23932
18.699,-16,-0.5,-0.52915
18.719,-17.5,-0.5,-0.80012
18.739,-17,0.5,-1.1518
18.761,-16.5,0.5,-1.3685
18.779,-16.5,0.5,-1.3006
18.804,-17,3,-1.3001
18.819,-16.5,3,-1.5698
18.849,-16.5,3.5,-1.6207
18.861,-15.5,3.5,-1.7105
18.879,-15.5,3.5,-1.7265
18.989,-15.5,2.5,-1.7281
18.999,-15.5,2.5,-1.7437
19.019,-15.5,2.5,-1.6671
19.039,-15.5,2.5,-1.6533
19.061,-15.5,2.5,-1.6088
19.08,-15.5,2.5,-1.6742
19.103,-15.5,2.5,-1.6984
19.114,-15.5,2.5,-1.715
19.139,-15.5,2.5,-1.7394
19.168,-15.5,2.5,-1.7816
19.18,-15.5,2.5,-1.7914
19.192,-15.5,2.5,-1.8142
19.219,-16,2.5,-1.7881
19.239,-15.5,3,-1.7497
19.254,-15.5,3.5,-1.7078
19.274,-15,4,-1.6339
19.294,-15,4.5,-1.5208
19.315,-14.5,5,-1.4238
19.339,-14,6,-1.2823
19.361,-13,9,-1.1691
19.389,-13,10,-0.99963
19.399,-12.5,11.5,-0.84033
19.414,-12,13,-0.73175
19.434,-10.5,14,-0.67105
19.461,-9,15.5,-0.51216
19.478,-7.5,16.5,-0.31577
19.499,-6.5,17.5,-0.1315
19.518,-5.5,18,-0.024348
19.534,-4.5,18.5,-0.012896
19.561,-4,18.5,-0.071107
19.579,-3.5,17.5,-0.11089
19.599,-3,17,-0.080824
19.62,-3,16,0.030539
19.641,-2.5,14.5,0.22539
19.661,-3,13.5,0.50035
19.683,-3,13,0.83273
19.701,-4,11.5,1.1777
19.72,-5,9.5,1.5276
19.739,-6,8.5,1.8562
19.761,-7,7,1.9282
19.778,-8,5.5,1.7366
19.798,-9.5,4,1.2345
19.819,-11,3,0.47542
19.838,-13,2,0.038266
19.861,-15,0,-0.25958
19.89,-15,-0.5,-0.29833
19.898,-16,-0.5,-0.23665
19.912,-17,-1.5,0.26195
19.939,-17,-2,0.62883
19.961,-17,-2,0.81787
19.973,-17,-1.5,1.3565
19.993,-17,-1,1.8693
20.014,-17,0,1.8902
20.041,-16.5,0,1.8493
20.054,-15.5,0,2.0355
20.078,-15.5,0.5,2.1989
20.093,-15,1.5,2.4419
20.114,-15,2,2.5784
20.134,-15,2,2.775
20.154,-15,2,2.8023
20.174,-15,2,2.909
20.198,-15,2,3.5132
20.219,-15.5,2.5,5.2204
20.24,-15.5,2.5,8.2518
20.261,-15.5,2.5,4.9597
20.278,-15,2.5,4.3702
20.311,-15,2.5,4.332
20.321,-15,2.5,3.8161
20.339,-15,2.5,3.5956
20.353,-15,2.5,3.1589
20.378,-15,2.5,3.0043
20.398,-15,2.5,2.9609
20.419,-15,2.5,2.8839
20.438,-14,3.5,2.7631
20.529,-14,4,2.6721
20.538,-13.5,4,2.546
20.548,-13,4.5,2.3969
20.561,-12.5,5,2.208
20.578,-12,6.5,1.9135
20.599,-11,7.5,1.5655
20.624,-10,10,1.1279
20.639,-7,13.5,-2.4371
20.678,-6.5,14,-1.3451
20.688,-6,14.5,-0.67535
20.698,-5,15.5,-0.12829
20.718,-4.5,16,0.01364
20.734,-4,16,0.069874
20.761,-4,16.5,-0.088656
20.778,-3.5,16,-0.29141
20.799,-3.5,15.5,-0.38064
20.818,-3,15,-0.32723
20.838,-3.5,14.5,-0.21889
20.861,-4,13,-0.074444
20.878,-5,11.5,0.084295
20.913,-5.5,10,0.2797
20.921,-6.5,10,0.50428
20.938,-8,8.5,0.85179
20.961,-9.5,6.5,1.8596
20.978,-11,5,2.7062
20.994,-12.5,3.5,0.52767
21.014,-14,2,-0.13551
21.034,-15,1,-0.42177
21.054,-15.5,0,-0.55242
21.073,-16,-0.5,-0.47735
21.092,-17,-1,-0.21209
21.111,-17,-2,0.37999
21.138,-17,-2.5,0.7098
21.153,-16.5,-2.5,1.8299
21.178,-16.5,-2.5,2.3097
21.194,-16.5,-1.5,3.0054
21.214,-16.5,0,3.2614
21.238,-16,0.5,3.3457
21.255,-15.5,1,3.7873
21.278,-15.5,2.5,4.0742
21.298,-15,3,4.2425
21.314,-15,3.5,4.4896
21.333,-15,3,4.7301
21.361,-15,2.5,4.8022
21.372,-15.5,2.5,5.0358
21.393,-15.5,2.5,5.377
21.415,-15.5,2.5,6.2635
21.433,-16,2.5,6.8788
21.452,-16,2.5,6.6821
21.471,-16,2.5,6.477
21.493,-16,2.5,6.6205
21.512,-16,2.5,5.9451
21.53,-16,2.5,5.793
21.551,-16,3,5.6839
21.57,-16,3,5.533
21.59,-16,3,5.4124
21.611,-16,3,5.2593
21.633,-15.5,3,5.0877
21.654,-15.5,3.5,4.7865
21.678,-15,4,4.5424
21.698,-14.5,4.5,4.1886
21.718,-14,4.5,3.7863
21.738,-13,5,3.2954
21.761,-12.5,6.5,2.7335
21.778,-11.5,8,2.1648
21.794,-10,10,1.5506
21.813,-8.5,11.5,-3.2577
21.838,-6.5,12.5,-1.7255
21.86,-5.5,13,-0.93671
21.873,-4.5,13,0.0729
21.891,-4,13.5,0.73146
21.912,-3,14,0.96971
21.948,-2.5,14,0.91335
21.96,-2.5,14,0.88054
21.978,-2.5,13.5,0.91652
21.998,-2,13.5,0.96404
22.018,-2.5,12.5,0.99803
22.04,-3,11.5,0.98183
22.061,-4,10,0.92369
22.079,-5,9,0.90065
22.099,-6,8.5,0.93289
22.118,-7.5,7,1.0144
22.14,-9,6,1.2869
22.161,-11,4,0.8576
22.179,-13,3,-0.52749
22.201,-15,1.5,-0.84249
22.222,-16,0.5,-0.92799
22.242,-17,-0.5,-0.92996
22.268,-17.5,-0.5,-0.82525
22.288,-17,-1.5,-0.59745
22.31,-17,-2,-0.20776
22.328,-17,-2,0.29187
22.348,-17,-1.5,0.67373
22.369,-16.5,-1,0.83294
22.394,-16.5,-0.5,1.0412
22.411,-15.5,0,1.1834
22.429,-15,-0.5,1.3544
22.45,-15,0,1.6903
22.47,-15,1,2.0689
22.491,-15,1.5,2.2871
22.51,-15,1.5,2.6309
22.53,-15,2,3.4013
22.56,-15,2,3.992
22.572,-15.5,2.5,8.0653
22.592,-15.5,2.5,4.7262
22.613,-15.5,2.5,4.1954
22.633,-15,2,6.1233
22.652,-15,2,8.9739
22.673,-15,1.5,8.2853
22.693,-15,2,4.4724
22.714,-15,2,2.9401
22.741,-15,2,2.7647
22.751,-15.5,2,2.5587
22.772,-15.5,1.5,2.4341
22.791,-15,1.5,2.3679
22.811,-15,1.5,2.279
22.829,-14.5,1.5,2.2284
22.85,-14,1.5,2.2428
22.87,-13.5,1.5,2.3376
22.892,-12.5,1.5,2.6063
22.912,-12,2,3.4023
22.93,-11,2.5,5.9012
22.952,-9.5,3,9.3794
22.97,-8,4,11.602
22.989,-6,5,12.093
23.014,-5,6,11.695
23.031,-4,7.5,11.77
23.051,-3.5,10,11.732
23.073,-3,12,11.206
23.098,-3,13,10.739
23.113,-2.5,14,10.007
23.131,-2.5,14.5,9.298
23.151,-2.5,15.5,8.5338
23.171,-3,16,7.6064
23.191,-3.5,16.5,6.6135
23.213,-4,16.5,5.5538
23.233,-5,16.5,4.4488
23.253,-6,16,3.3296
23.272,-7,15,2.3135
23.293,-8,14,1.4619
23.313,-9.5,12.5,0.69909
23.338,-11,11,0.014866
23.361,-12,9.5,-0.21187
23.378,-13,8,-0.1272
23.398,-14,7,-0.22323
23.418,-15.5,6,-0.46342
23.433,-17,4,-0.62206
23.46,-17,2.5,-0.74124
23.479,-17,2,-0.68776
23.498,-16.5,1,-0.64419
23.514,-16,0,-0.0063613
23.534,-15.5,-0.5,1.1291
23.56,-15.5,-1.5,2.032
23.578,-15.5,-1.5,2.7076
23.594,-16,-1.5,3.9321
23.612,-16,-1.5,5.0892
23.634,-16,-1.5,6.049
23.66,-16,-1.5,6.8231
23.672,-16,-1.5,7.8526
23.693,-15.5,-1,8.7764
23.714,-15.5,0,10.528
23.738,-15.5,0.5,11.328
23.754,-16,1.5,16.481
23.778,-16,2,11.693
23.798,-15.5,2,16.728
23.817,-15.5,2,15.664
23.838,-16,2,13.936
23.86,-16,2,12.89
23.873,-16,2,10.997
23.898,-15.5,1.5,8.8526
23.92,-15.5,1.5,8.1597
23.931,-15,2,7.4883
23.953,-15,2,6.6859
23.971,-14.5,2,5.8517
23.991,-13.5,2,5.2671
24.013,-13,2,4.9191
24.032,-12,2,4.7975
24.052,-11,2,4.8387
24.073,-10,2,5.1055
24.091,-8,2,5.5879
24.113,-6,2,6.1318
24.131,-4.5,2,7.4735
24.152,-3,2,8.0756
24.172,-2.5,2,8.2622
24.193,-2,3,11.203
24.21,-2,4,13.334
24.238,-2,4.5,15.358
24.252,-2,6,18.376
24.272,-2,9,19.172
24.293,-3,12,18.979
24.314,-3.5,14.5,18.196
24.338,-4,16,16.851
24.36,-5,17.5,14.899
24.378,-6,18,12.454
24.398,-7,18.5,10.017
24.414,-7.5,18.5,6.7205
24.433,-8,18.5,0.93965
24.454,-8.5,18,-4.6756
24.477,-9,17,-3.3952
24.498,-9,16.5,-2.0223
24.517,-9.5,14.5,-0.98397
24.538,-10,13,-0.36146
24.56,-10.5,11,-0.15384
24.578,-11.5,9.5,-0.30221
24.598,-13,8.5,-0.70241
24.617,-14,6.5,-1.1381
24.642,-14,5,-1.3784
24.66,-13.5,4.5,-1.0764
24.678,-12.5,2.5,-0.17126
24.698,-12,2,0.9159
24.717,-12,1,2.2291
24.738,-12,0.5,4.0187
24.76,-12,0,6.1011
24.779,-13,0,8.3885
24.819,-13.5,1,9.7675
24.828,-13.5,1,11.209
24.838,-14,1,13.186
24.86,-14.5,1,15.114
24.878,-14.5,1.5,16.656
24.898,-14.5,1.5,17.482
24.918,-14.5,2,18.697
24.941,-14.5,2.5,19.13
24.96,-14.5,2.5,19.098
24.979,-14.5,3,19.397
25,-15,3,19.196
25.019,-15,3,18.563
25.039,-15,3,18.101
25.06,-15,2.5,17.564
25.079,-14.5,2.5,17.048
25.099,-14.5,2.5,16.694
25.12,-14,2.5,16.591
25.139,-13.5,2.5,16.996
25.161,-13,2.5,16.744
25.178,-12,2.5,15.875
25.201,-11,2.5,15.616
25.223,-10,2.5,15.501
25.242,-9,3,14.474
25.262,-7.5,3,12.492
25.282,-6,3.5,10.719
25.303,-4.5,4,8.8652
25.322,-3.5,4.5,6.902
25.343,-2.5,5.5,5.4856
25.363,-2.5,7.5,4.2684
25.383,-2,10,3.1948
25.401,-2,13,2.3757
25.428,-1.5,14.5,1.8452
25.442,-1.5,16,1.5326
25.462,-2,17,1.491
25.482,-2.5,18,1.5843
25.501,-3,18,1.7917
25.522,-4,18,2.0623
25.542,-4.5,18,2.3422
25.564,-5.5,17.5,2.5857
25.588,-6.5,17,2.7701
25.61,-7.5,16,2.8601
25.628,-8.5,14.5,2.8782
25.648,-10,13.5,2.8257
25.668,-13,8.5,-3.7811
25.721,-16.5,2,-1.0877
25.823,-16.5,2,-0.84596
25.831,-16.5,0.5,0.35384
25.878,-16.5,0,0.55889
25.888,-16,0,0.76922
25.902,-14.5,0,1.294
25.927,-15,0.5,1.6143
25.948,-15,0.5,1.7923
25.963,-15,0.5,2.0276
25.98,-15,0.5,2.4938
25.999,-15,1,3.6615
26.06,-15,1.5,4.0347
26.068,-15.5,1.5,4.5233
26.078,-15.5,2.5,5.5155
26.099,-15.5,2.5,7.8225
26.12,-15.5,3,11.553
26.138,-15.5,3.5,11.091
26.16,-15.5,3.5,9.2451
26.179,-15.5,3.5,7.7077
26.2,-15.5,3,5.9769
26.221,-15.5,3,4.8052
26.24,-15.5,3,4.1323
26.26,-15.5,3,3.7312
26.282,-15.5,3,3.4205
26.3,-15,3,3.1564
26.32,-15,3,2.928
26.34,-14.5,3,2.7452
26.362,-14,2.5,2.5831
26.382,-13.5,2.5,2.4771
26.402,-13,2.5,2.5734
26.422,-12,2,2.8646
26.441,-11,2,3.5129
26.46,-9.5,2.5,4.5845
26.482,-8.5,2.5,5.8055
26.502,-6.5,3,7.0972
26.522,-5.5,3.5,7.7832
26.544,-4,4,7.9183
26.561,-3.5,5,7.9677
26.581,-3,7,7.8443
26.602,-3,8.5,7.6703
26.62,-2.5,12,7.3926
26.64,-2,13,6.8833
26.66,-2,14,6.2447
26.68,-2.5,15,5.5599
26.698,-2.5,16,4.8982
26.72,-3.5,16,4.2454
26.747,-3.5,16,3.6284
26.76,-4,15.5,3.0328
26.777,-5,14.5,2.4911
26.8,-5.5,14,2.0296
26.818,-6.5,13,1.6881
26.838,-7.5,11.5,1.4807
26.86,-8.5,10.5,1.4137
26.878,-9.5,9,1.4836
26.898,-10.5,8,1.6925
26.917,-11.5,6.5,1.92
26.938,-13,5,-2.4251
26.96,-14,3.5,-2.5926
26.977,-15,2,-2.7887
26.998,-16,1,-2.7602
27.02,-17,0,-2.5284
27.037,-17,-1,-1.8365
27.067,-16.5,-1,-1.5748
27.077,-17,-1.5,-0.88005
27.098,-16.5,-1,-0.43175
27.118,-16.5,-0.5,-0.16517
27.138,-15,0,0.10374
27.16,-15,0.5,0.26426
27.178,-15,0,0.54483
27.197,-15,0.5,0.92443
27.217,-15,2,1.2686
27.238,-15,2.5,1.5891
27.26,-15.5,2.5,1.9177
27.277,-15.5,3,2.302
27.297,-15.5,2.5,2.765
27.318,-15.5,2.5,4.2383
27.347,-15.5,3,5.0101
27.36,-15.5,3,6.7939
27.381,-15.5,3,7.5489
27.398,-15.5,3,6.9723
27.419,-15.5,3,5.8323
27.443,-15.5,3,4.6381
27.46,-15.5,3,3.5015
27.482,-15.5,3,2.8458
27.503,-15.5,3,2.4785
27.521,-15,3,2.2127
27.547,-15,3,2.1881
27.564,-14.5,3.5,2.0874
27.588,-13.5,4,2.2718
27.61,-13,4.5,2.9163
27.628,-12,5,4.1659
27.648,-11.5,5.5,6.5
27.668,-10,7,8.582
27.688,-8.5,9,9.1615
27.71,-7,11.5,9.8411
27.729,-6,12.5,9.7161
27.748,-5,13.5,9.5196
27.768,-4.5,14,9.1085
27.79,-4,14.5,8.7417
27.81,-3.5,14.5,8.4126
27.83,-3,14.5,7.9038
27.851,-2.5,14,7.4065
27.868,-2.5,13,6.9698