1567992239.319943,0.0
1567992239.33197,0.0
1567992239.344522,0.0
1567992239.359282,0.0
1567992239.371297,0.0
1567992239.383283,0.0
1567992239.401844,0.0
1567992239.414466,0.0
1567992239.429385,0.0
1567992239.441584,0.0
1567992239.4536,0.0
1567992239.469191,0.0
1567992239.481302,0.0
1567992239.493506,0.0
1567992239.509357,0.0
1567992239.521369,0.0
1567992239.533511,0.0
1567992239.551604,0.0
1567992239.563632,0.0
1567992239.579581,0.0
1567992239.591848,0.0
1567992239.604421,0.0
1567992239.619275,0.0
1567992239.631485,0.0
1567992239.643725,0.0
1567992239.659352,0.0
1567992239.672241,0.0
1567992239.68938,0.0
1567992239.701685,0.0
1567992239.71425,0.0
1567992239.729291,0.0
1567992239.741721,0.0
1567992239.754622,0.0
1567992239.769455,0.0
1567992239.7817,0.0
1567992239.794778,0.0
1567992239.809479,0.0
1567992239.822494,0.0
1567992239.839153,0.0
1567992239.852178,0.0
1567992239.864631,0.0
1567992239.879084,0.0
1567992239.891364,0.0
1567992239.903673,0.0
1567992239.91946,0.0
1567992239.931725,0.0
1567992239.944485,0.0
1567992239.959081,0.0
1567992239.971461,0.0
1567992239.983809,0.0
1567992240.002084,0.0
1567992240.014409,0.0
1567992240.029363,0.0
1567992240.041644,0.0
1567992240.054009,0.0
1567992240.069975,0.0
1567992240.082507,0.0
1567992240.102033,0.0
1567992240.114343,0.0
1567992240.129189,0.0
1567992240.141828,0.0
1567992240.154539,0.0
1567992240.168885,0.0
1567992240.181147,0.0
1567992240.193986,0.0
1567992240.209296,0.0
1567992240.221621,0.0
1567992240.234365,0.0
1567992240.25237,0.0
1567992240.269297,0.0
1567992240.281513,0.0
1567992240.29503,0.0
1567992240.309108,0.0
1567992240.321703,0.0
1567992240.334203,0.0
1567992240.35202,0.0
1567992240.369054,0.0
1567992240.381508,0.0
1567992240.394223,0.0
1567992240.4154,0.0
1567992240.429163,0.0
1567992240.442226,0.0
1567992240.459914,0.0
1567992240.472397,0.0
1567992240.489169,0.0
1567992240.502258,0.0
1567992240.51926,0.0
1567992240.531813,0.0
1567992240.552281,0.0
1567992240.568633,0.0
1567992240.581335,0.0
1567992240.594191,0.0
1567992240.608605,0.0
1567992240.620889,0.0
1567992240.633245,0.0
1567992240.651781,0.0
1567992240.668492,0.0
1567992240.681005,0.0
1567992240.693391,0.0
1567992240.708439,0.0
1567992240.720883,0.0
1567992240.733188,0.0
1567992240.751597,0.0
1567992240.764158,0.0
1567992240.778378,0.0
1567992240.791007,0.0
1567992240.803422,0.0
1567992240.81844,0.0
1567992240.830915,0.0
1567992240.843617,0.0
1567992240.858459,0.0
1567992240.87098,0.0
1567992240.883948,0.0
1567992240.901739,0.0
1567992240.918464,0.0
1567992240.931516,0.0
1567992240.952339,0.0
1567992240.968617,0.0
1567992240.981916,0.0
1567992241.002168,0.0
1567992241.018788,0.0
1567992241.031453,0.0
1567992241.044182,0.0
1567992241.058549,0.0
1567992241.070944,0.0
1567992241.083975,0.0
1567992241.101664,0.0
1567992241.114116,0.0
1567992241.128459,0.0
1567992241.140804,0.0
1567992241.158485,0.0
1567992241.171479,0.0
1567992241.184077,0.0
1567992241.201775,0.0
1567992241.218536,0.0
1567992241.231141,0.0
1567992241.243919,0.0
1567992241.259831,0.0
1567992241.272291,0.0
1567992241.288598,0.0
1567992241.301718,0.0
1567992241.318408,0.0
1567992241.330898,0.0
1567992241.343858,0.0
1567992241.358261,0.0
1567992241.370807,0.0
1567992241.383571,0.0
1567992241.401673,0.0
1567992241.418244,0.0
1567992241.430991,0.0
1567992241.451611,0.0
1567992241.468086,0.0
1567992241.480711,0.0
1567992241.493776,0.0
1567992241.508636,0.0
1567992241.521355,0.0
1567992241.534839,0.0
1567992241.551176,0.0
1567992241.563919,0.0
1567992241.578321,0.0
1567992241.590741,0.0
1567992241.603661,0.0
1567992241.618099,0.0
1567992241.630484,0.0
1567992241.643091,0.0
1567992241.657983,0.0
1567992241.670616,0.0
1567992241.683335,0.0
1567992241.701285,0.0
1567992241.713891,0.0
1567992241.728351,0.0
1567992241.740969,0.0
1567992241.753635,0.0
1567992241.768013,0.0
1567992241.780404,0.0
1567992241.792916,0.0
1567992241.80826,0.0
1567992241.820883,0.0
1567992241.833581,0.0
1567992241.851131,0.0
1567992241.863826,0.0
1567992241.879223,0.0
1567992241.89172,0.0
1567992241.908096,0.0
1567992241.921958,0.0
1567992241.937965,0.0
1567992241.950953,0.0
1567992241.964212,0.0
1567992241.978815,0.0
1567992241.991589,0.0
1567992242.008031,0.0
1567992242.020452,0.0
1567992242.032905,0.0
1567992242.050887,0.0
1567992242.063522,0.0
1567992242.077864,0.0
1567992242.091302,0.0
1567992242.107826,0.0
1567992242.120339,0.0
1567992242.132859,0.0
1567992242.150943,0.0
1567992242.163515,0.0
1567992242.177804,0.0
1567992242.191687,0.0
1567992242.208008,0.0
1567992242.220697,0.0
1567992242.233133,0.0
1567992242.250878,0.0
1567992242.263546,0.0
1567992242.278135,0.0
1567992242.290704,0.0
1567992242.303324,0.0
1567992242.317876,0.0
1567992242.330182,0.0
1567992242.34277,0.0
1567992242.35782,0.0
1567992242.370278,0.0
1567992242.382721,0.0
1567992242.400949,0.0
1567992242.413492,0.0
1567992242.427756,0.0
1567992242.440105,0.0
1567992242.452642,0.0
1567992242.467812,0.0
1567992242.480124,0.0
1567992242.492856,0.0
1567992242.507644,0.0
1567992242.519845,0.0
1567992242.5321,0.0
1567992242.550716,0.0
1567992242.563358,0.0
1567992242.577613,0.0
1567992242.590084,0.0
1567992242.602482,0.0
1567992242.617748,0.0
1567992242.630136,0.0
1567992242.642623,0.0
1567992242.657886,0.0
1567992242.670333,0.0
1567992242.683029,0.0
1567992242.701063,0.0
1567992242.717852,0.0
1567992242.730135,0.0
1567992242.742491,0.0
1567992242.757859,0.0
1567992242.770694,0.0
1567992242.783388,0.0
1567992242.801004,0.0
1567992242.817879,0.0
1567992242.83012,0.0
1567992242.842575,0.0
1567992242.857698,0.0
1567992242.87002,0.0
1567992242.882458,0.0
1567992242.90076,0.0
1567992242.913613,0.0
1567992242.927571,0.0
1567992242.940122,0.0
1567992242.957403,0.0
1567992242.969879,0.0
1567992242.982265,0.0
1567992243.001262,0.0
1567992243.01996,0.0
1567992243.032528,0.0
1567992243.051146,0.0
1567992243.06843,0.0
1567992243.081075,0.0
1567992243.101025,0.0
1567992243.118156,0.0
1567992243.13064,0.0
1567992243.143475,0.0
1567992243.157784,0.0
1567992243.170297,0.0
1567992243.183024,0.0
1567992243.201268,0.0
1567992243.217825,0.0
1567992243.230398,0.0
1567992243.24342,0.0
1567992243.257587,0.0
1567992243.269987,0.0
1567992243.282797,0.0
1567992243.300963,0.0
1567992243.31796,0.0
1567992243.330679,0.0
1567992243.343391,0.0
1567992243.357449,0.0
1567992243.370019,0.0
1567992243.382677,0.0
1567992243.400748,0.0
1567992243.413174,0.0
1567992243.427428,0.0
1567992243.440271,0.0
1567992243.453049,0.0
1567992243.467468,0.0
1567992243.480222,0.0
1567992243.493241,0.0
1567992243.507341,0.0
1567992243.519822,0.0
1567992243.532102,0.0
1567992243.550334,0.0
1567992243.563104,0.0
1567992243.577424,0.0
1567992243.589888,0.0
1567992243.602668,0.0
1567992243.617587,0.0
1567992243.630708,0.0
1567992243.650444,0.0
1567992243.662889,0.0
1567992243.677201,0.0
1567992243.690729,0.0
1567992243.707353,0.0
1567992243.72003,0.0
1567992243.732719,0.0
1567992243.750371,0.0
1567992243.767611,0.0
1567992243.780257,0.0
1567992243.793247,0.0
1567992243.807323,0.0
1567992243.820121,0.0
1567992243.832854,0.0
1567992243.850416,0.0
1567992243.86297,0.0
1567992243.87715,0.0
1567992243.889441,0.0
1567992243.902872,0.0
1567992243.917475,0.0
1567992243.930044,0.0
1567992243.943578,0.0
1567992243.957299,0.0
1567992243.970355,0.0
1567992243.987638,0.0
1567992244.000199,0.0
1567992244.012981,0.0
1567992244.027162,0.0
1567992244.039894,0.0
1567992244.054448,0.0
1567992244.067471,0.0
1567992244.07999,0.0
1567992244.093151,0.0
1567992244.107775,0.0
1567992244.120984,0.0
1567992244.138522,0.0
1567992244.151825,0.0
1567992244.167288,0.0
1567992244.17967,0.0
1567992244.200197,0.0
1567992244.213276,0.0
1567992244.227067,0.0
1567992244.239496,0.0
1567992244.252568,0.0
1567992244.2673,0.0
1567992244.281297,0.0
1567992244.300057,0.0
1567992244.317449,0.0
1567992244.330087,0.0
1567992244.350083,0.0
1567992244.362809,0.0
1567992244.376886,0.0
1567992244.390666,0.0
1567992244.407287,0.0
1567992244.419657,0.0
1567992244.433071,0.0
1567992244.450296,0.0
1567992244.46779,0.0
1567992244.480222,0.0
1567992244.500344,0.0
1567992244.517315,0.0
1567992244.529841,0.0
1567992244.550057,0.0
1567992244.564075,0.0
1567992244.576919,0.0
1567992244.589304,0.0
1567992244.601705,0.0
1567992244.617193,0.0
1567992244.629581,0.0
1567992244.641847,0.0
1567992244.657067,0.0
1567992244.669477,0.0
1567992244.682415,0.0
1567992244.700017,0.0
1567992244.714656,0.0
1567992244.727183,0.0
1567992244.740111,0.0
1567992244.756872,0.0
1567992244.769914,0.0
1567992244.786851,0.0
1567992244.799723,0.0
1567992244.812629,0.0
1567992244.827225,0.0
1567992244.839569,0.0
1567992244.852867,0.0
1567992244.867201,0.0
1567992244.880185,0.0
1567992244.892826,0.0
1567992244.907106,0.0
1567992244.919498,0.0
1567992244.932153,0.0
1567992244.950224,0.0
1567992244.96709,0.0
1567992244.979458,0.0
1567992244.99228,0.0
1567992245.007081,0.0
1567992245.019526,0.0
1567992245.032225,0.0
1567992245.050232,0.0
1567992245.067491,0.0
1567992245.07989,0.0
1567992245.099653,0.0
1567992245.112423,0.0
1567992245.126788,0.0
1567992245.139283,0.0
1567992245.15236,0.0
1567992245.166774,0.0
1567992245.179463,0.0
1567992245.192931,0.0
1567992245.206712,0.0
1567992245.219157,0.0
1567992245.231594,0.0
1567992245.2502,0.0
1567992245.266863,0.0
1567992245.279862,0.0
1567992245.292674,0.0
1567992245.307602,0.0
1567992245.320368,0.0
1567992245.337463,0.0
1567992245.350363,0.0
1567992245.367803,0.0
1567992245.380836,0.0
1567992245.39946,0.0
1567992245.412299,0.0
1567992245.426924,0.0
1567992245.439624,0.0
1567992245.453072,0.0
1567992245.467869,0.0
1567992245.48065,0.0
1567992245.500493,0.0
1567992245.517636,0.0
1567992245.530965,0.0
1567992245.550249,0.0
1567992245.566903,0.0
1567992245.579464,0.0
1567992245.592879,0.0
1567992245.606842,0.0
1567992245.61944,0.0
1567992245.631873,0.0
1567992245.650367,0.0
1567992245.666505,0.0
1567992245.678999,0.0
1567992245.691485,0.0
1567992245.706233,0.0
1567992245.718772,0.0
1567992245.731095,0.0
1567992245.749354,0.0
1567992245.76197,0.0
1567992245.776582,0.0
1567992245.789334,0.0
1567992245.806642,0.0
1567992245.81905,0.0
1567992245.831687,0.0
1567992245.849225,0.0
1567992245.862177,0.0
1567992245.876238,0.0
1567992245.889019,0.0
1567992245.901665,0.0
1567992245.916455,0.0
1567992245.928949,0.0
1567992245.941382,0.0
1567992245.956711,0.0
1567992245.969228,0.0
1567992245.986293,0.0
1567992246.00031,0.0
1567992246.016164,0.0
1567992246.02862,0.0
1567992246.041058,0.0
1567992246.056541,0.0
1567992246.068786,0.0
1567992246.081923,0.0
1567992246.100071,0.0
1567992246.116445,0.0
1567992246.128735,0.0
1567992246.141068,0.0
1567992246.156221,0.0
1567992246.168541,0.0
1567992246.180878,0.0
1567992246.200223,0.0
1567992246.216484,0.0
1567992246.229575,0.0
1567992246.249967,0.0
1567992246.265944,0.0
1567992246.27929,0.0
1567992246.292004,0.0
1567992246.306194,0.0
1567992246.318721,0.0
1567992246.331089,0.0
1567992246.350182,0.0
1567992246.366495,0.0
1567992246.379482,0.0
1567992246.392947,0.0
1567992246.406039,0.0
1567992246.418946,0.0
1567992246.43181,0.0
1567992246.449747,0.0
1567992246.466204,0.0
1567992246.478518,0.0
1567992246.490975,0.0
1567992246.506686,0.0
1567992246.519249,0.0
1567992246.531841,0.0
1567992246.5499,0.0
1567992246.566002,0.0
1567992246.578368,0.0
1567992246.590946,0.0
1567992246.606201,0.0
1567992246.61869,0.0
1567992246.63125,0.0
1567992246.648624,0.0
1567992246.661496,0.0
1567992246.675941,0.0
1567992246.688689,0.0
1567992246.701084,0.0
1567992246.715972,0.0
1567992246.728418,0.0
1567992246.740935,0.0
1567992246.756425,0.0
1567992246.769541,0.0
1567992246.786561,0.0
1567992246.799175,0.0
1567992246.811751,0.0
1567992246.826088,0.0
1567992246.838723,0.0
1567992246.851502,0.0
1567992246.865914,0.0
1567992246.878215,0.0
1567992246.891732,0.0
1567992246.905827,0.0
1567992246.918215,0.0
1567992246.931375,0.0
1567992246.948343,0.0
1567992246.961507,0.0
1567992246.975743,0.0
1567992246.988121,0.0
1567992247.000787,0.0
1567992247.015998,0.0
1567992247.028458,0.0
1567992247.040946,0.0
1567992247.055666,0.0
1567992247.068018,0.0
1567992247.080209,0.0
1567992247.099748,0.0
1567992247.116144,0.0
1567992247.1288,0.0
1567992247.149419,0.0
1567992247.165741,0.0
1567992247.178126,0.0
1567992247.192017,0.0
1567992247.205682,0.0
1567992247.218095,0.0
1567992247.230658,0.0
1567992247.249324,0.0
1567992247.266035,0.0
1567992247.278384,0.0
1567992247.290803,0.0
1567992247.305611,0.0
1567992247.317968,0.0
1567992247.330295,0.0
1567992247.3494,0.0
1567992247.366057,0.0
1567992247.378419,0.0
1567992247.391307,0.0
1567992247.405662,0.0
1567992247.41803,0.0
1567992247.430427,0.0
1567992247.449251,0.0
1567992247.461883,0.0
1567992247.475556,0.0
1567992247.488139,0.0
1567992247.501322,0.0
1567992247.516145,0.0
1567992247.528925,0.0
1567992247.5417,0.0
1567992247.555476,0.0
1567992247.568665,0.0
1567992247.581911,0.0
1567992247.599537,0.0
1567992247.615496,0.0
1567992247.628308,0.0
1567992247.641115,0.0
1567992247.655818,0.0
1567992247.668104,0.0
1567992247.680645,0.0
1567992247.699479,0.0
1567992247.715474,0.0
1567992247.727886,0.0
1567992247.740387,0.0
1567992247.755453,0.0
1567992247.768325,0.0
1567992247.781091,0.0
1567992247.799283,0.0
1567992247.815835,0.0
1567992247.830216,0.0
1567992247.849474,0.0
1567992247.867041,0.0
1567992247.879602,0.0
1567992247.899178,0.0
1567992247.915312,0.0
1567992247.927612,0.0
1567992247.939891,0.0
1567992247.955687,0.0
1567992247.968089,0.0
1567992247.98044,0.0
1567992247.999216,0.0
1567992248.015894,0.0
1567992248.028217,0.0
1567992248.041098,0.0
1567992248.055405,0.0
1567992248.067656,0.0
1567992248.079829,0.0
1567992248.099207,0.0
1567992248.115863,0.0
1567992248.128182,0.0
1567992248.141296,0.0
1567992248.155167,0.0
1567992248.167738,0.0
1567992248.18065,0.0
1567992248.198389,0.0
1567992248.211293,0.0
1567992248.225439,0.0
1567992248.237816,0.0
1567992248.2512,0.0
1567992248.265661,0.0
1567992248.278006,0.0
1567992248.290736,0.0
1567992248.305319,0.0
1567992248.317588,0.0
1567992248.330105,0.0
1567992248.34785,0.0
1567992248.361227,0.0
1567992248.375376,0.0
1567992248.387998,0.0
1567992248.401367,0.0
1567992248.4154,0.0
1567992248.427718,0.0
1567992248.440248,-0.72
1567992248.455675,-0.72
1567992248.469095,-0.72
1567992248.485425,-0.72
1567992248.499596,-0.72
1567992248.515675,-0.72
1567992248.528036,-0.72
1567992248.540478,-0.72
1567992248.555381,-0.72
1567992248.567996,-0.72
1567992248.580422,-0.72
1567992248.598249,-0.72
1567992248.611129,-0.72
1567992248.625657,-0.72
1567992248.638481,-0.72
1567992248.65215,-0.72
1567992248.665287,-0.72
1567992248.677824,-0.72
1567992248.69024,-0.72
1567992248.705331,-0.72
1567992248.718185,-0.72
1567992248.730867,-0.72
1567992248.748098,-0.72
1567992248.761456,-0.72
1567992248.775135,-0.72
1567992248.787586,-0.72
1567992248.800099,-0.72
1567992248.815603,-0.72
1567992248.827982,-0.72
1567992248.840881,-0.72
1567992248.855357,-0.72
1567992248.867998,-0.72
1567992248.880881,-0.72
1567992248.898988,-0.72
1567992248.915621,-0.72
1567992248.92814,-0.72
1567992248.948913,-0.72
1567992248.96542,-0.72
1567992248.979439,-0.72
1567992248.998943,-0.72
1567992249.015245,-0.72
1567992249.027604,-0.72
1567992249.039927,-0.72
1567992249.055778,-0.72
1567992249.068059,-0.72
1567992249.080742,-0.72
1567992249.098807,-0.72
1567992249.114998,-0.72
1567992249.127438,-0.72
1567992249.139753,-0.72
1567992249.155331,-0.72
1567992249.16764,-0.72
1567992249.18004,-0.72
1567992249.198905,-0.72
1567992249.214878,-0.72
1567992249.227281,-0.72
1567992249.239611,-0.72
1567992249.255113,-0.72
1567992249.268872,-0.72
1567992249.28532,-0.72
1567992249.298694,-0.72
1567992249.315229,-0.72
1567992249.327523,-0.72
1567992249.339738,-0.72
1567992249.354836,-0.72
1567992249.36724,-0.72
1567992249.38093,-0.72
1567992249.398686,-0.72
1567992249.415463,-0.72
1567992249.427806,-0.72
1567992249.440718,-0.72
1567992249.454763,-0.72
1567992249.468258,-0.72
1567992249.480887,-0.72
1567992249.498664,-0.72
1567992249.515239,-0.72
1567992249.528122,-0.72
1567992249.541263,-0.72
1567992249.555954,-0.72
1567992249.568832,-0.72
1567992249.585023,-0.72
1567992249.59874,-0.72
1567992249.61482,-0.72
1567992249.627508,-0.72
1567992249.639884,-0.72
1567992249.655093,-0.72
1567992249.667525,-0.72
1567992249.681246,-0.72
1567992249.698722,-0.72
1567992249.715312,-0.72
1567992249.728278,-0.72
1567992249.740847,-0.72
1567992249.754726,-0.72
1567992249.767298,-0.72
1567992249.779898,-0.72
1567992249.798699,-0.72
1567992249.815204,-0.72
1567992249.827531,-0.72
1567992249.839847,-0.72
1567992249.854779,-0.72
1567992249.867406,-0.72
1567992249.881422,-0.72
1567992249.898581,-0.72
1567992249.914987,-0.72
1567992249.927582,-0.72
1567992249.940734,-0.72
1567992249.955205,-0.72
1567992249.968034,-0.72
1567992249.980754,-0.72
1567992249.99794,-0.72
1567992250.010771,-0.72
1567992250.024902,-0.72
1567992250.037371,-0.72
1567992250.050146,-0.72
1567992250.064853,-0.72
1567992250.078234,-0.72
1567992250.097503,-0.72
1567992250.110458,-0.72
1567992250.124904,-0.72
1567992250.137499,-0.72
1567992250.150912,-0.72
1567992250.165042,-0.72
1567992250.177664,-0.72
1567992250.190694,-0.72
1567992250.20534,-0.72
1567992250.218328,-0.72
1567992250.234766,-0.72
1567992250.247259,-0.72
1567992250.260984,-0.72
1567992250.274657,-0.72
1567992250.28724,-0.72
1567992250.300174,-0.72
1567992250.315154,-0.72
1567992250.327626,-0.72
1567992250.340447,-0.72
1567992250.355189,-0.72
1567992250.367785,-0.72
1567992250.384788,-0.72
1567992250.39735,-0.72
1567992250.410287,-0.72
1567992250.424789,-0.72
1567992250.437143,-0.72
1567992250.450276,-0.72
1567992250.465141,-0.72
1567992250.478674,-0.72
1567992250.499362,-0.72
1567992250.514697,-0.72
1567992250.527339,-0.72
1567992250.548421,-0.72
1567992250.56454,-0.72
1567992250.576896,-0.72
1567992250.589282,-0.72
1567992250.605295,-0.72
1567992250.618503,-0.72
1567992250.634816,-0.72
1567992250.648423,-0.72
1567992250.664489,-0.72
1567992250.676917,-0.72
1567992250.689376,-0.72
1567992250.704651,-0.72
1567992250.717048,0.0
1567992250.729705,0.0
1567992250.747082,0.0
1567992250.75962,0.0
1567992250.774518,0.0
1567992250.786821,0.0
1567992250.799546,0.72
1567992250.814595,0.72
1567992250.826994,0.72
1567992250.839439,1.44
1567992250.854858,1.44
1567992250.867198,1.44
1567992250.879546,1.44
1567992250.898615,2.16
1567992250.914287,2.16
1567992250.926804,2.16
1567992250.939589,2.16
1567992250.954577,2.16
1567992250.967201,2.16
1567992250.979619,2.16
1567992250.99821,2.88
1567992251.014789,2.88
1567992251.027304,2.88
1567992251.040804,2.88
1567992251.05446,2.88
1567992251.066859,2.88
1567992251.079383,2.88
1567992251.09814,2.88
1567992251.114679,2.88
1567992251.127044,2.88
1567992251.139441,2.88
1567992251.154262,2.88
1567992251.166587,2.88
1567992251.178983,3.6
1567992251.198216,3.6
1567992251.214778,3.6
1567992251.227119,3.6
1567992251.239478,3.6
1567992251.254359,3.6
1567992251.267172,3.6
1567992251.279434,3.6
1567992251.298734,4.32
1567992251.314531,4.32
1567992251.327134,4.32
1567992251.340189,4.32
1567992251.354955,4.32
1567992251.368161,4.32
1567992251.384773,4.32
1567992251.398806,4.32
1567992251.414354,4.32
1567992251.426806,3.6
1567992251.439163,3.6
1567992251.454603,3.6
1567992251.467463,3.6
1567992251.480072,3.6
1567992251.49833,3.6
1567992251.516646,3.6
1567992251.530102,3.6
1567992251.548046,3.6
1567992251.564202,3.6
1567992251.576625,2.88
1567992251.590629,2.88
1567992251.604745,2.88
1567992251.617231,2.88
1567992251.629954,2.88
1567992251.646963,2.88
1567992251.659127,2.88
1567992251.674294,2.88
1567992251.686785,2.88
1567992251.699325,2.16
1567992251.71441,2.16
1567992251.726919,2.16
1567992251.739344,2.16
1567992251.754698,2.16
1567992251.767017,2.16
1567992251.779764,2.16
1567992251.796793,2.16
1567992251.810141,2.16
1567992251.82442,1.44
1567992251.836926,1.44
1567992251.851048,1.44
1567992251.864311,1.44
1567992251.877006,1.44
1567992251.890043,1.44
1567992251.905105,1.44
1567992251.91762,1.44
1567992251.934302,1.44
1567992251.947071,1.44
1567992251.96023,1.44
1567992251.974155,1.44
1567992251.986589,1.44
1567992251.999822,1.44
1567992252.014905,1.44
1567992252.028331,1.44
1567992252.047032,1.44
1567992252.061464,1.44
1567992252.075301,1.44
1567992252.088328,1.44
1567992252.106542,1.44
1567992252.118937,1.44
1567992252.134279,1.44
1567992252.147892,1.44
1567992252.165177,2.16
1567992252.178037,2.16
1567992252.19679,2.16
1567992252.209308,2.16
1567992252.224275,2.88
1567992252.236808,2.88
1567992252.249945,2.88
1567992252.264675,2.88
1567992252.279191,2.88
1567992252.299827,2.88
1567992252.314484,2.88
1567992252.327543,2.88
1567992252.347976,2.88
1567992252.364041,2.88
1567992252.376578,2.88
1567992252.389922,2.88
1567992252.404267,2.88
1567992252.416881,2.88
1567992252.429616,2.88
1567992252.447953,2.88
1567992252.464397,2.88
1567992252.476881,2.88
1567992252.489412,2.88
1567992252.50398,2.88
1567992252.51636,2.88
1567992252.528791,3.6
1567992252.548063,3.6
1567992252.564487,3.6
1567992252.57676,3.6
1567992252.589028,3.6
1567992252.603944,3.6
1567992252.616223,3.6
1567992252.628953,3.6
1567992252.647981,3.6
1567992252.664131,3.6
1567992252.676485,3.6
1567992252.688813,3.6
1567992252.704537,2.88
1567992252.717068,2.88
1567992252.734141,2.88
1567992252.74772,2.88
1567992252.763819,2.16
1567992252.77617,2.16
1567992252.788556,2.16
1567992252.804206,1.44
1567992252.816563,1.44
1567992252.829489,1.44
1567992252.848617,1.44
1567992252.864403,1.44
1567992252.878647,0.72
1567992252.898284,0.72
1567992252.913909,0.72
1567992252.926412,0.72
1567992252.938831,0.72
1567992252.955102,0.72
1567992252.967467,0.72
1567992252.979954,0.72
1567992252.998019,0.72
1567992253.014612,0.72
1567992253.027953,0.72
1567992253.048651,0.72
1567992253.063874,0.72
1567992253.077007,0.72
1567992253.08992,0.72
1567992253.104947,0.0
1567992253.118064,0.0
1567992253.134811,0.0
1567992253.147726,0.0
1567992253.16591,0.0
1567992253.180143,0.0
1567992253.197792,0.0
1567992253.213888,0.0
1567992253.226254,0.0
1567992253.240227,0.0
1567992253.253924,0.0
1567992253.266837,0.0
1567992253.279673,0.0
1567992253.297644,-0.72
1567992253.314821,0.0
1567992253.327295,0.0
1567992253.347882,0.0
1567992253.36418,0.0
1567992253.377286,0.0
1567992253.397618,0.72
1567992253.413875,0.72
1567992253.426486,0.72
1567992253.43891,0.72
1567992253.454569,0.72
1567992253.468027,0.72
1567992253.484048,0.72
1567992253.497525,0.72
1567992253.514664,0.72
1567992253.527165,0.72
1567992253.547546,0.72
1567992253.564105,1.44
1567992253.576542,1.44
1567992253.589863,1.44
1567992253.604146,1.44
1567992253.616498,1.44
1567992253.628907,1.44
1567992253.647901,1.44
1567992253.663703,1.44
1567992253.67604,1.44
1567992253.688597,1.44
1567992253.703886,1.44
1567992253.716565,1.44
1567992253.729433,1.44
1567992253.747404,2.16
1567992253.764055,2.16
1567992253.776866,2.16
1567992253.789707,2.16
1567992253.803568,2.16
1567992253.816142,2.16
1567992253.828369,2.16
1567992253.848448,2.16
1567992253.863975,2.88
1567992253.877263,2.88
1567992253.897309,3.6
1567992253.913891,3.6
1567992253.926288,3.6
1567992253.938852,4.32
1567992253.953704,4.32
1567992253.966433,4.32
1567992253.978821,5.04
1567992253.997669,5.04
1567992254.014052,5.04
1567992254.02679,5.04
1567992254.039727,5.76
1567992254.053551,5.76
1567992254.066291,5.76
1567992254.078959,6.48
1567992254.09813,6.48
1567992254.113966,6.48
1567992254.126705,6.48
1567992254.139595,6.48
1567992254.154343,6.48
1567992254.16766,6.48
1567992254.183976,6.48
1567992254.197353,6.48
1567992254.213833,6.48
1567992254.229941,6.48
1567992254.247325,6.48
1567992254.263738,6.48
1567992254.276329,5.76
1567992254.28875,5.76
1567992254.303991,5.04
1567992254.316638,5.04
1567992254.329452,4.32
1567992254.347467,4.32
1567992254.363685,4.32
1567992254.376322,3.6
1567992254.389829,3.6
1567992254.403592,2.88
1567992254.416062,2.88
1567992254.428602,2.88
1567992254.447501,2.16
1567992254.464042,2.16
1567992254.477769,2.16
1567992254.497254,2.16
1567992254.51354,2.16
1567992254.5259,2.16
1567992254.538569,1.44
1567992254.553879,1.44
1567992254.569256,1.44
1567992254.584457,1.44
1567992254.597426,1.44
1567992254.61422,1.44
1567992254.626892,1.44
1567992254.639991,1.44
1567992254.653631,1.44
1567992254.665989,1.44
1567992254.678347,1.44
1567992254.697248,2.16
1567992254.714022,2.16
1567992254.727146,2.16
1567992254.748353,2.16
1567992254.764109,2.16
1567992254.778187,2.16
1567992254.797347,2.16
1567992254.813494,2.16
1567992254.826842,2.16
1567992254.839466,2.16
1567992254.853523,2.16
1567992254.866728,2.16
1567992254.879373,2.16
1567992254.896011,2.16
1567992254.90863,2.16
1567992254.923649,2.16
1567992254.936673,2.16
1567992254.949485,2.16
1567992254.963599,2.16
1567992254.976112,2.88
1567992254.988555,2.88
1567992255.003777,2.88
1567992255.016906,3.6
1567992255.034274,3.6
1567992255.047396,3.6
1567992255.064092,4.32
1567992255.078913,4.32
1567992255.096594,4.32
1567992255.113946,5.04
1567992255.127415,5.04
1567992255.14684,5.04
1567992255.163825,5.04
1567992255.177194,5.04
1567992255.197244,5.04
1567992255.213563,4.32
1567992255.225946,4.32
1567992255.238442,4.32
1567992255.254065,3.6
1567992255.266452,3.6
1567992255.279211,3.6
1567992255.298082,2.88
1567992255.314178,2.88
1567992255.326709,2.16
1567992255.347374,2.16
1567992255.364684,2.16
1567992255.377242,2.16
1567992255.398448,2.16
1567992255.41331,1.44
1567992255.427183,1.44
1567992255.447452,1.44
1567992255.463518,1.44
1567992255.475851,1.44
1567992255.488116,0.72
1567992255.503925,0.72
1567992255.516402,0.72
1567992255.528949,0.72
1567992255.547476,0.72
1567992255.563187,0.72
1567992255.575456,0.72
1567992255.587619,0.72
1567992255.603688,0.72
1567992255.616209,0.72
1567992255.628413,0.72
1567992255.647067,0.0
1567992255.66372,0.0
1567992255.676729,0.0
1567992255.689421,0.0
1567992255.703233,0.0
1567992255.715485,-0.72
1567992255.729248,-0.72
1567992255.746946,-0.72
1567992255.764628,-0.72
1567992255.77723,-0.72
1567992255.797381,-0.72
1567992255.813861,-0.72
1567992255.826371,-0.72
1567992255.840711,-0.72
1567992255.85304,-0.72
1567992255.865765,-0.72
1567992255.878257,-0.72
1567992255.897369,-0.72
1567992255.913913,0.0
1567992255.926556,0.0
1567992255.946976,0.0
1567992255.963564,0.72
1567992255.976585,1.44
1567992255.989385,1.44
1567992256.003748,2.16
1567992256.016542,2.16
1567992256.033694,2.88
1567992256.048154,2.88
1567992256.063522,2.88
1567992256.077052,2.88
1567992256.097458,2.88
1567992256.113973,2.88
1567992256.126283,2.88
1567992256.139139,2.88
1567992256.153147,2.88
1567992256.168248,2.88
1567992256.183406,2.88
1567992256.19684,2.88
1567992256.213757,2.88
1567992256.226113,2.88
1567992256.239215,2.88
1567992256.253152,3.6
1567992256.266046,3.6
1567992256.28388,3.6
1567992256.296385,4.32
1567992256.3091,5.04
1567992256.323236,5.04
1567992256.336829,5.76
1567992256.354827,5.76
1567992256.367672,6.48
1567992256.383241,6.48
1567992256.397417,6.48
1567992256.413105,7.2
1567992256.425573,7.2
1567992256.438149,7.92
1567992256.45385,7.92
1567992256.466832,7.92
1567992256.483453,7.92
1567992256.497998,7.92
1567992256.513624,7.92
1567992256.526186,8.64
1567992256.539172,8.64
1567992256.553276,8.64
1567992256.566161,8.64
1567992256.578939,8.64
1567992256.596332,7.92
1567992256.609078,7.92
1567992256.623247,7.92
1567992256.635746,7.92
1567992256.650294,7.92
1567992256.663429,7.92
1567992256.675854,7.92
1567992256.68876,7.92
1567992256.702967,7.92
1567992256.716741,7.2
1567992256.733243,7.2
1567992256.746362,7.2
1567992256.759793,7.2
1567992256.772995,7.2
1567992256.785505,7.2
1567992256.799055,7.2
1567992256.813162,7.2
1567992256.828084,7.2
1567992256.84672,7.2
1567992256.862904,7.2
1567992256.875365,7.2
1567992256.889076,7.2
1567992256.902994,6.48
1567992256.915256,6.48
1567992256.927888,6.48
1567992256.946778,5.76
1567992256.96344,5.76
1567992256.975803,5.76
1567992256.988865,5.04
1567992257.002791,5.04
1567992257.015428,5.04
1567992257.027756,4.32
1567992257.04692,4.32
1567992257.063132,4.32
1567992257.07587,4.32
1567992257.08889,4.32
1567992257.103418,3.6
1567992257.115866,3.6
1567992257.128412,3.6
1567992257.146642,3.6
1567992257.163063,3.6
1567992257.175504,3.6
1567992257.187727,3.6
1567992257.20307,3.6
1567992257.215569,3.6
1567992257.22797,3.6
1567992257.246622,3.6
1567992257.263225,3.6
1567992257.275781,3.6
1567992257.288086,3.6
1567992257.302882,3.6
1567992257.315187,3.6
1567992257.327456,3.6
1567992257.346704,3.6
1567992257.363318,3.6
1567992257.375563,3.6
1567992257.387908,3.6
1567992257.40275,3.6
1567992257.415246,4.32
1567992257.427689,4.32
1567992257.44658,4.32
1567992257.463068,4.32
1567992257.475341,4.32
1567992257.487856,4.32
1567992257.502621,5.04
1567992257.515033,5.04
1567992257.527548,4.32
1567992257.546608,4.32
1567992257.562853,4.32
1567992257.575238,4.32
1567992257.587627,4.32
1567992257.603102,5.04
1567992257.615528,4.32
1567992257.627837,4.32
1567992257.64645,3.6
1567992257.662647,3.6
1567992257.675286,3.6
1567992257.68762,3.6
1567992257.703038,3.6
1567992257.715492,3.6
1567992257.727819,3.6
1567992257.746402,2.88
1567992257.76314,2.88
1567992257.777097,2.88
1567992257.796755,2.88
1567992257.813284,2.88
1567992257.825979,2.88
1567992257.846444,2.88
1567992257.862692,2.16
1567992257.875365,2.16
1567992257.888577,2.16
1567992257.90301,2.16
1567992257.915743,2.16
1567992257.928694,1.44
1567992257.94744,1.44
1567992257.964585,1.44
1567992257.977241,1.44
1567992257.997217,1.44
1567992258.012877,1.44
1567992258.025465,0.72
1567992258.038384,0.72
1567992258.052984,0.72
1567992258.065771,0.0
1567992258.07912,0.0
1567992258.096647,-0.72
1567992258.113408,-0.72
1567992258.125958,-0.72
1567992258.146523,-0.72
1567992258.162514,-0.72
1567992258.174909,-0.72
1567992258.187359,-0.72
1567992258.203198,-0.72
1567992258.216768,-0.72
1567992258.232726,-0.72
1567992258.245352,0.0
1567992258.258017,0.0
1567992258.272669,0.0
1567992258.285426,0.0
1567992258.298711,0.72
1567992258.3127,0.72
1567992258.326084,1.44
1567992258.345199,1.44
1567992258.358159,2.16
1567992258.372734,2.16
1567992258.385252,2.88
1567992258.398373,2.88
1567992258.412646,2.88
1567992258.425459,2.88
1567992258.438606,2.88
1567992258.452507,2.88
1567992258.466363,3.6
1567992258.482786,3.6
1567992258.495947,3.6
1567992258.512796,3.6
1567992258.525239,3.6
1567992258.537716,4.32
1567992258.552299,4.32
1567992258.565096,4.32
1567992258.577408,4.32
1567992258.595062,4.32
1567992258.607698,5.04
1567992258.622531,5.04
1567992258.634871,5.76
1567992258.64815,5.76
1567992258.662598,5.76
1567992258.675254,5.76
1567992258.688207,6.48
1567992258.702289,6.48
1567992258.714712,6.48
1567992258.728143,6.48
1567992258.74617,7.2
1567992258.762765,7.2
1567992258.775789,7.2
1567992258.788539,7.92
1567992258.802967,7.92
1567992258.815375,7.92
1567992258.827964,7.92
1567992258.846322,8.64
1567992258.862441,8.64
1567992258.875262,8.64
1567992258.888502,8.64
1567992258.902682,8.64
1567992258.915175,8.64
1567992258.92834,8.64
1567992258.946133,8.64
1567992258.962714,8.64
1567992258.975202,8.64
1567992258.988713,8.64
1567992259.002293,8.64
1567992259.0149,8.64
1567992259.027396,8.64
1567992259.046237,8.64
1567992259.062466,8.64
1567992259.075912,8.64
1567992259.096096,7.92
1567992259.112751,7.92
1567992259.125271,7.92
1567992259.138258,7.92
1567992259.152866,7.2
1567992259.165168,7.2
1567992259.17813,6.48
1567992259.196556,6.48
1567992259.212518,6.48
1567992259.225099,5.76
1567992259.238118,5.76
1567992259.252832,5.04
1567992259.265317,5.04
1567992259.277997,5.04
1567992259.295039,4.32
1567992259.307944,4.32
1567992259.322435,4.32
1567992259.33483,3.6
1567992259.347616,3.6
1567992259.362305,3.6
1567992259.374901,3.6
1567992259.387251,3.6
1567992259.402876,3.6
1567992259.415273,3.6
1567992259.428103,3.6
1567992259.446009,3.6
1567992259.462079,3.6
1567992259.474492,3.6
1567992259.487078,3.6
1567992259.502434,3.6
1567992259.514871,3.6
1567992259.527382,3.6
1567992259.546108,3.6
1567992259.562842,3.6
1567992259.575197,3.6
1567992259.587926,3.6
1567992259.602173,4.32
1567992259.614744,4.32
1567992259.628008,5.04
1567992259.645864,5.04
1567992259.662591,5.04
1567992259.675085,5.04
1567992259.687895,5.04
1567992259.702021,4.32
1567992259.714582,4.32
1567992259.727217,4.32
1567992259.744703,4.32
1567992259.757665,5.04
1567992259.772023,4.32
1567992259.784692,4.32
1567992259.797854,4.32
1567992259.812225,4.32
1567992259.824623,4.32
1567992259.836842,4.32
1567992259.851892,4.32
1567992259.86463,4.32
1567992259.877029,4.32
1567992259.894785,3.6
1567992259.907181,3.6
1567992259.922204,3.6
1567992259.934508,3.6
1567992259.946943,2.88
1567992259.962176,2.88
1567992259.974545,2.88
1567992259.986932,2.88
1567992260.002317,2.16
1567992260.015094,2.16
1567992260.02786,2.16
1567992260.044511,1.44
1567992260.05683,1.44
1567992260.071996,1.44
1567992260.084323,1.44
1567992260.097073,0.72
1567992260.112117,0.72
1567992260.124814,0.72
1567992260.137843,0.72
1567992260.152535,0.72
1567992260.165654,0.72
1567992260.182546,0.0
1567992260.194899,0.0
1567992260.208018,0.0
1567992260.222091,-0.72
1567992260.234747,-0.72
1567992260.247346,-0.72
1567992260.262082,-0.72
1567992260.275069,-0.72
1567992260.288159,-0.72
1567992260.302546,-0.72
1567992260.315465,-0.72
1567992260.327927,0.0
1567992260.344461,0.0
1567992260.357074,0.0
1567992260.371843,0.0
1567992260.3851,0.0
1567992260.397463,0.72
1567992260.412158,1.44
1567992260.424423,1.44
1567992260.436902,2.16
1567992260.452585,2.88
1567992260.465291,3.6
1567992260.482036,4.32
1567992260.495637,5.04
1567992260.511888,5.04
1567992260.524924,5.76
1567992260.537824,6.48
1567992260.5524,7.2
1567992260.56469,7.92
1567992260.577624,7.92
1567992260.595674,7.92
1567992260.612369,8.64
1567992260.625339,8.64
1567992260.638178,9.36
1567992260.651895,9.36
1567992260.665419,9.36
1567992260.681965,10.08
1567992260.695573,10.08
1567992260.712157,10.8
1567992260.724835,10.8
1567992260.745338,11.52
1567992260.761949,11.52
1567992260.774331,12.24
1567992260.787642,12.24
1567992260.801811,12.96
1567992260.814355,12.96
1567992260.827017,12.96
1567992260.845578,12.96
1567992260.86213,12.24
1567992260.87475,12.24
1567992260.887772,12.24
1567992260.901645,12.24
1567992260.913996,12.24
1567992260.927457,12.24
1567992260.945663,12.24
1567992260.96193,12.24
1567992260.974601,12.24
1567992260.987836,11.52
1567992261.002619,11.52
1567992261.015732,11.52
1567992261.031888,10.8
1567992261.045808,10.8
1567992261.061783,10.08
1567992261.074291,10.08
1567992261.087744,9.36
1567992261.101801,9.36
1567992261.114543,8.64
1567992261.127589,8.64
1567992261.145718,7.92
1567992261.162172,7.92
1567992261.175365,7.2
1567992261.196479,7.2
1567992261.211559,6.48
1567992261.223947,6.48
1567992261.236491,6.48
1567992261.251815,5.76
1567992261.264106,5.76
1567992261.276507,5.76
1567992261.295446,5.04
1567992261.312101,5.04
1567992261.325163,5.04
1567992261.337929,5.04
1567992261.351764,4.32
1567992261.364267,4.32
1567992261.376609,4.32
1567992261.394347,4.32
1567992261.407222,4.32
1567992261.421715,4.32
1567992261.434612,4.32
1567992261.449089,4.32
1567992261.461831,4.32
1567992261.474496,4.32
1567992261.487615,4.32
1567992261.501631,4.32
1567992261.514014,4.32
1567992261.52651,4.32
1567992261.54448,4.32
1567992261.557246,5.04
1567992261.571522,5.04
1567992261.58412,5.04
1567992261.597588,5.04
1567992261.611761,5.04
1567992261.624059,5.76
1567992261.636505,5.76
1567992261.652096,5.76
1567992261.664619,5.76
1567992261.677617,5.76
1567992261.694414,5.76
1567992261.707892,5.76
1567992261.721642,5.76
1567992261.734363,5.76
1567992261.747755,5.76
1567992261.761489,5.76
1567992261.773758,5.76
1567992261.786063,5.04
1567992261.801774,5.04
1567992261.814288,5.04
1567992261.826652,5.04
1567992261.845202,5.04
1567992261.861651,4.32
1567992261.875263,4.32
1567992261.895037,4.32
1567992261.912029,4.32
1567992261.92567,3.6
1567992261.945198,3.6
1567992261.961936,3.6
1567992261.974405,3.6
1567992261.987509,2.88
1567992262.001298,2.88
1567992262.01462,2.88
1567992262.027115,2.88
1567992262.045284,2.16
1567992262.061509,2.16
1567992262.073894,2.16
1567992262.086533,2.16
1567992262.101869,2.16
1567992262.114376,2.16
1567992262.127024,2.16
1567992262.145125,2.16
1567992262.157382,2.16
1567992262.171256,2.16
1567992262.183712,2.16
1567992262.196705,2.16
1567992262.211734,2.16
1567992262.224296,2.16
1567992262.237201,2.16
1567992262.251737,2.16
1567992262.264749,1.44
1567992262.277302,1.44
1567992262.295824,1.44
1567992262.311719,1.44
1567992262.324262,1.44
1567992262.337095,1.44
1567992262.351828,1.44
1567992262.364537,1.44
1567992262.377349,1.44
1567992262.394166,1.44
1567992262.407236,1.44
1567992262.421517,1.44
1567992262.434114,1.44
1567992262.447322,2.16
1567992262.461484,2.16
1567992262.473957,2.88
1567992262.487036,3.6
1567992262.501381,4.32
1567992262.513733,5.04
1567992262.526245,6.48
1567992262.544773,7.2
1567992262.561468,8.64
1567992262.574603,10.08
1567992262.594284,10.8
1567992262.608308,12.24
1567992262.622807,13.68
1567992262.635592,15.12
1567992262.651789,16.56
1567992262.664604,18.0
1567992262.681484,18.72
1567992262.695198,20.16
1567992262.711727,21.6
1567992262.724057,23.04
1567992262.737215,24.48
1567992262.751213,25.2
1567992262.763589,25.92
1567992262.776187,26.64
1567992262.794579,27.36
1567992262.807849,28.08
1567992262.821609,28.8
1567992262.834867,28.8
1567992262.851802,28.8
1567992262.86462,29.52
1567992262.881151,29.52
1567992262.896164,28.8
1567992262.911171,28.8
1567992262.924603,28.8
1567992262.943777,28.08
1567992262.956241,28.08
1567992262.971041,27.36
1567992262.984717,27.36
1567992263.00089,27.36
1567992263.013333,26.64
1567992263.026127,26.64
1567992263.043666,26.64
1567992263.05656,26.64
1567992263.071192,26.64
1567992263.083738,26.64
1567992263.096938,25.92
1567992263.112084,25.92
1567992263.12478,25.92
1567992263.14384,25.92
1567992263.15647,25.2
1567992263.171662,25.2
1567992263.184142,25.2
1567992263.201837,24.48
1567992263.214634,24.48
1567992263.2311,23.76
1567992263.243639,23.04
1567992263.256502,23.04
1567992263.271155,22.32
1567992263.283641,21.6
1567992263.297279,20.88
1567992263.311321,20.16
1567992263.323688,19.44
1567992263.335996,18.72
1567992263.351159,18.0
1567992263.363421,16.56
1567992263.375833,15.84
1567992263.393517,15.12
1567992263.408143,13.68
1567992263.421397,12.96
1567992263.433792,12.24
1567992263.446189,10.8
1567992263.461082,10.08
1567992263.473451,9.36
1567992263.485698,8.64
1567992263.501408,7.92
1567992263.513791,7.2
1567992263.526468,6.48
1567992263.543475,5.76
1567992263.556003,5.76
1567992263.570902,5.76
1567992263.583177,5.76
1567992263.596365,5.76
1567992263.611047,5.04
1567992263.62346,5.04
1567992263.637026,5.04
1567992263.651454,5.04
1567992263.663814,5.04
1567992263.676317,5.04
1567992263.694685,5.04
1567992263.710838,5.76
1567992263.723312,5.76
1567992263.735877,5.76
1567992263.751223,5.76
1567992263.763523,6.48
1567992263.776264,6.48
1567992263.794953,6.48
1567992263.811259,6.48
1567992263.823791,6.48
1567992263.836627,6.48
1567992263.851367,6.48
1567992263.863998,5.76
1567992263.876473,5.76
1567992263.893714,5.04
1567992263.906572,5.04
1567992263.921033,5.04
1567992263.933691,4.32
1567992263.94694,4.32
1567992263.960979,4.32
1567992263.974237,3.6
1567992263.987054,3.6
1567992264.001166,3.6
1567992264.013672,3.6
1567992264.026172,3.6
1567992264.04386,3.6
1567992264.0567,3.6
1567992264.070845,3.6
1567992264.083624,3.6
1567992264.096988,2.88
1567992264.110969,2.88
1567992264.123405,2.88
1567992264.135979,2.88
1567992264.151009,2.16
1567992264.16373,2.16
1567992264.176461,2.16
1567992264.194005,1.44
1567992264.206967,1.44
1567992264.222628,1.44
1567992264.236119,0.72
1567992264.250685,0.72
1567992264.263207,0.72
1567992264.275756,0.72
1567992264.293577,0.72
1567992264.306344,0.72
1567992264.320941,0.72
1567992264.333306,0.72
1567992264.34643,0.72
1567992264.362278,0.72
1567992264.375439,0.72
1567992264.394875,0.0
1567992264.411024,0.0
1567992264.423463,0.0
1567992264.43585,0.0
1567992264.451083,0.0
1567992264.464137,0.72
1567992264.476608,0.72
1567992264.493598,0.72
1567992264.506737,0.72
1567992264.52094,0.0
1567992264.534509,0.0
1567992264.550703,0.0
1567992264.563649,-0.72
1567992264.576635,-0.72
1567992264.593514,-0.72
1567992264.606384,-0.72
1567992264.620897,-0.72
1567992264.633475,-0.72
1567992264.646587,-0.72
1567992264.660983,0.0
1567992264.673692,0.0
1567992264.686677,0.72
1567992264.700866,0.72
1567992264.71351,1.44
1567992264.726478,2.16
1567992264.744409,2.88
1567992264.761108,4.32
1567992264.773708,5.04
1567992264.786644,5.76
1567992264.80099,7.2
1567992264.813562,7.92
1567992264.826636,9.36
1567992264.84323,11.52
1567992264.85616,12.24
1567992264.870688,13.68
1567992264.883591,15.12
1567992264.896194,16.56
1567992264.910958,18.0
1567992264.92323,19.44
1567992264.935766,20.88
1567992264.950845,22.32
1567992264.963242,23.76
1567992264.98081,25.2
1567992264.993344,26.64
1567992265.005817,28.08
1567992265.021014,29.52
1567992265.03344,30.96
1567992265.046465,32.4
1567992265.061243,33.12
1567992265.07358,34.56
1567992265.086805,35.28
1567992265.100493,36.0
1567992265.113268,36.0
1567992265.127084,36.72
1567992265.144787,36.72
1567992265.161048,37.44
1567992265.173405,37.44
1567992265.186749,37.44
1567992265.200817,37.44
1567992265.214086,37.44
1567992265.227397,37.44
1567992265.244568,36.72
1567992265.260689,36.72
1567992265.273018,36.0
1567992265.285481,36.0
1567992265.300923,35.28
1567992265.313214,34.56
1567992265.325425,33.12
1567992265.345051,32.4
1567992265.360425,31.68
1567992265.372908,30.96
1567992265.385289,29.52
1567992265.400703,28.8
1567992265.413263,27.36
1567992265.425579,26.64
1567992265.443208,25.2
1567992265.45617,24.48
1567992265.470396,23.04
1567992265.482798,22.32
1567992265.495396,20.88
1567992265.51048,19.44
1567992265.522902,18.72
1567992265.535327,17.28
1567992265.550886,16.56
1567992265.563262,15.84
1567992265.576058,14.4
1567992265.59867,13.68
1567992265.611809,12.96
1567992265.624145,12.24
1567992265.643736,11.52
1567992265.660455,10.8
1567992265.673049,10.08
1567992265.685513,9.36
1567992265.700924,8.64
1567992265.713444,7.92
1567992265.725955,7.92
1567992265.744472,7.2
1567992265.76083,7.2
1567992265.77361,7.2
1567992265.793182,7.2
1567992265.806916,7.2
1567992265.820404,7.2
1567992265.833524,7.2
1567992265.84698,7.2
1567992265.861542,6.48
1567992265.873845,6.48
1567992265.88653,6.48
1567992265.900218,6.48
1567992265.913133,6.48
1567992265.926824,6.48
1567992265.943215,6.48
1567992265.955943,6.48
1567992265.970216,5.76
1567992265.982905,5.76
1567992265.996108,5.76
1567992266.010337,5.04
1567992266.023059,5.04
1567992266.036219,4.32
1567992266.050225,4.32
1567992266.062721,4.32
1567992266.075966,3.6
1567992266.093378,3.6
1567992266.106044,3.6
1567992266.120329,3.6
1567992266.132887,2.88
1567992266.14627,2.88
1567992266.16028,2.88
1567992266.172953,2.88
1567992266.18636,2.88
1567992266.200736,2.88
1567992266.21322,2.88
1567992266.226529,2.88
1567992266.2446,2.88
1567992266.260613,2.88
1567992266.273096,2.88
1567992266.293991,2.88
1567992266.31046,2.88
1567992266.322974,2.88
1567992266.335866,2.88
1567992266.350041,2.88
1567992266.36272,2.16
1567992266.37564,2.16
1567992266.394058,2.16
1567992266.410792,2.16
1567992266.423213,2.16
1567992266.436017,2.16
1567992266.450007,2.16
1567992266.464308,1.44
1567992266.480354,1.44
1567992266.493992,1.44
1567992266.510076,0.72
1567992266.523895,0.0
1567992266.543837,0.0
1567992266.561036,-0.72
1567992266.574291,-1.44
1567992266.593939,-1.44
1567992266.610727,-1.44
1567992266.623317,-1.44
1567992266.636174,-1.44
1567992266.649864,-1.44
1567992266.663096,-1.44
1567992266.675795,-0.72
1567992266.693988,-0.72
1567992266.710243,0.0
1567992266.722649,0.0
1567992266.735753,0.72
1567992266.750645,0.72
1567992266.763157,1.44
1567992266.775605,2.16
1567992266.793737,2.88
1567992266.809853,3.6
1567992266.822421,4.32
1567992266.834925,5.76
1567992266.850179,6.48
1567992266.862842,7.92
1567992266.877054,9.36
1567992266.894043,10.8
1567992266.909925,12.96
1567992266.923154,14.4
1567992266.936027,15.84
1567992266.952103,17.28
1567992266.964586,18.72
1567992266.980261,20.16
1567992266.993124,22.32
1567992267.005793,23.76
1567992267.020158,25.92
1567992267.033236,28.08
1567992267.045935,29.52
1567992267.059812,31.68
1567992267.072077,33.12
1567992267.084864,34.56
1567992267.100077,36.0
1567992267.112484,37.44
1567992267.125124,38.16
1567992267.143658,38.88
1567992267.160324,39.6
1567992267.172604,40.32
1567992267.184827,40.32
1567992267.199893,41.04
1567992267.21232,41.04
1567992267.224669,41.04
1567992267.243599,40.32
1567992267.260251,40.32
1567992267.272661,39.6
1567992267.284952,38.88
1567992267.299702,38.16
1567992267.312136,37.44
1567992267.324664,36.0
1567992267.343589,35.28
1567992267.360052,33.84
1567992267.372517,33.12
1567992267.38601,31.68
1567992267.400197,30.24
1567992267.412824,28.8
1567992267.429741,27.36
1567992267.442653,26.64
1567992267.454854,25.2
1567992267.469775,23.76
1567992267.482117,22.32
1567992267.495232,21.6
1567992267.510252,20.16
1567992267.522758,18.72
1567992267.535547,18.0
1567992267.550248,16.56
1567992267.562684,15.84
1567992267.575242,14.4
1567992267.593554,13.68
1567992267.609651,12.24
1567992267.621961,11.52
1567992267.634355,10.8
1567992267.649955,10.08
1567992267.662414,9.36
1567992267.67536,8.64
1567992267.693395,7.92
1567992267.709651,7.2
1567992267.721995,6.48
1567992267.734483,6.48
1567992267.749736,5.76
1567992267.762749,5.76
1567992267.775284,5.76
1567992267.793393,6.48
1567992267.80997,6.48
1567992267.822388,5.76
1567992267.834776,5.76
1567992267.849498,5.04
1567992267.861804,5.04
1567992267.874134,5.04
1567992267.893389,5.04
1567992267.910802,5.04
1567992267.923691,5.04
1567992267.943335,5.76
1567992267.960032,5.76
1567992267.972458,5.76
1567992267.985285,5.04
1567992267.99953,5.04
1567992268.011817,4.32
1567992268.024134,4.32
1567992268.04333,4.32
1567992268.059994,4.32
1567992268.072412,4.32
1567992268.085368,4.32
1567992268.099446,3.6
1567992268.111846,3.6
1567992268.125432,3.6
1567992268.143282,3.6
1567992268.159624,3.6
1567992268.172882,3.6
1567992268.185597,3.6
1567992268.199942,2.88
1567992268.212391,2.88
1567992268.225097,2.88
1567992268.243435,2.88
1567992268.259611,2.88
1567992268.272101,2.88
1567992268.284457,2.88
1567992268.30023,2.16
1567992268.313275,2.16
1567992268.329477,2.16
1567992268.34382,2.16
1567992268.359814,2.16
1567992268.372289,2.16
1567992268.393036,1.44
1567992268.409368,1.44
1567992268.42174,1.44
1567992268.434189,1.44
1567992268.449698,0.72
1567992268.462081,0.72
1567992268.474479,0.72
1567992268.493135,0.72
1567992268.509493,0.72
1567992268.522106,0.72
1567992268.534478,0.72
1567992268.54955,0.72
1567992268.562409,0.72
1567992268.575102,0.72
1567992268.593415,0.72
1567992268.60981,0.72
1567992268.622518,0.0
1567992268.635645,0.0
1567992268.649736,0.0
1567992268.662545,0.0
1567992268.675195,-0.72
1567992268.693213,-0.72
1567992268.709315,-0.72
1567992268.721836,-0.72
1567992268.734284,-0.72
1567992268.749701,-0.72
1567992268.762048,-0.72
1567992268.774524,-0.72
1567992268.79214,-0.72
1567992268.80447,-0.72
1567992268.819662,-0.72
1567992268.832045,-0.72
1567992268.844959,0.0
1567992268.859495,0.0
1567992268.871892,0.72
1567992268.884226,1.44
1567992268.899209,2.88
1567992268.912036,3.6
1567992268.924965,5.04
1567992268.942444,6.48
1567992268.955173,7.92
1567992268.969286,9.36
1567992268.981753,10.8
1567992268.994905,12.24
1567992269.009483,13.68
1567992269.022535,15.84
1567992269.035322,17.28
1567992269.049209,18.72
1567992269.062412,20.88
1567992269.075151,22.32
1567992269.092046,24.48
1567992269.105408,26.64
1567992269.119448,28.8
1567992269.131837,30.24
1567992269.144954,31.68
1567992269.159694,33.12
1567992269.172156,33.84
1567992269.185211,35.28
1567992269.19915,36.0
1567992269.211572,36.72
1567992269.224848,37.44
1567992269.241872,37.44
1567992269.259383,37.44
1567992269.271816,37.44
1567992269.284479,37.44
1567992269.299224,37.44
1567992269.313284,36.72
1567992269.329982,36.0
1567992269.342638,35.28
1567992269.355281,34.56
1567992269.36939,33.84
1567992269.381761,33.12
1567992269.394852,32.4
1567992269.409348,31.68
1567992269.421616,30.24
1567992269.433921,29.52
1567992269.449145,28.8
1567992269.46166,28.08
1567992269.474184,26.64
1567992269.491955,25.92
1567992269.504386,25.2
1567992269.519344,23.76
1567992269.531702,23.04
1567992269.54392,22.32
1567992269.55967,20.88
1567992269.57297,20.16
1567992269.593211,18.72
1567992269.609092,18.0
1567992269.621231,17.28
1567992269.633467,15.84
1567992269.649917,15.12
1567992269.662862,14.4
1567992269.675247,12.96
1567992269.693289,12.24
1567992269.709584,11.52
1567992269.721822,10.8
1567992269.735474,10.08
1567992269.749094,9.36
1567992269.761343,8.64
1567992269.774253,7.92
1567992269.793048,7.92
1567992269.809583,7.92
1567992269.821885,7.2
1567992269.834342,7.2
1567992269.849765,7.2
1567992269.862086,6.48
1567992269.8747,6.48
1567992269.893237,6.48
1567992269.909004,6.48
1567992269.921447,6.48
1567992269.933956,6.48
1567992269.94948,6.48
1567992269.961994,6.48
1567992269.974342,6.48
1567992269.99293,5.76
1567992270.00952,5.76
1567992270.021894,5.76
1567992270.034197,5.76
1567992270.049227,5.76
1567992270.061528,5.76
1567992270.07408,5.76
1567992270.092131,5.76
1567992270.104985,5.76
1567992270.119279,5.76
1567992270.131692,5.04
1567992270.144293,5.04
1567992270.159255,5.04
1567992270.171642,5.04
1567992270.183983,4.32
1567992270.199393,4.32
1567992270.211763,4.32
1567992270.224123,3.6
1567992270.241731,3.6
1567992270.254316,3.6
1567992270.269192,2.88
1567992270.281818,2.88
1567992270.294318,2.88
1567992270.30923,2.16
1567992270.321563,2.16
1567992270.333951,2.16
1567992270.34963,2.16
1567992270.361976,2.16
1567992270.374888,2.16
1567992270.392116,1.44
1567992270.404875,1.44
1567992270.419214,1.44
1567992270.431516,1.44
1567992270.444528,1.44
1567992270.459179,1.44
1567992270.471625,1.44
1567992270.484208,1.44
1567992270.499502,1.44
1567992270.511803,1.44
1567992270.524256,1.44
1567992270.541665,1.44
1567992270.554221,1.44
1567992270.56909,1.44
1567992270.581809,1.44
1567992270.594551,1.44
1567992270.609155,1.44
1567992270.621435,1.44
1567992270.633861,1.44
1567992270.648987,1.44
1567992270.661392,1.44
1567992270.673992,1.44
1567992270.691612,0.72
1567992270.704232,0.72
1567992270.719189,0.72
1567992270.731492,0.72
1567992270.743595,0.72
1567992270.759856,0.72
1567992270.772372,0.72
1567992270.785115,0.72
1567992270.798871,0.72
1567992270.811392,0.72
1567992270.82413,0.72
1567992270.841748,0.72
1567992270.854786,0.72
1567992270.869044,1.44
1567992270.881817,1.44
1567992270.894875,1.44
1567992270.909218,2.16
1567992270.921564,2.88
1567992270.933891,3.6
1567992270.949059,4.32
1567992270.961566,5.76
1567992270.974115,6.48
1567992270.991574,8.64
1567992271.00416,10.08
1567992271.019189,11.52
1567992271.031523,13.68
1567992271.043916,15.12
1567992271.059113,17.28
1567992271.073465,19.44
1567992271.091722,21.6
1567992271.10467,23.76
1567992271.119517,25.92
1567992271.131944,28.08
1567992271.144725,30.96
1567992271.159662,33.12
1567992271.172022,35.28
1567992271.184931,36.72
1567992271.198822,38.16
1567992271.211291,39.6
1567992271.225651,41.04
1567992271.242813,41.76
1567992271.25915,43.2
1567992271.271648,43.92
1567992271.28443,43.92
1567992271.299398,44.64
1567992271.312877,44.64
1567992271.32942,43.92
1567992271.342791,43.92
1567992271.35878,43.2
1567992271.371179,41.76
1567992271.383608,40.32
1567992271.399057,39.6
1567992271.411343,38.16
1567992271.4239,36.0
1567992271.442804,34.56
1567992271.459362,33.12
1567992271.472069,31.68
1567992271.484884,30.24
1567992271.498871,28.8
1567992271.511639,27.36
1567992271.52406,25.92
1567992271.54265,24.48
1567992271.559315,23.04
1567992271.571876,21.6
1567992271.58479,19.44
1567992271.599131,18.0
1567992271.611615,16.56
1567992271.624394,15.12
1567992271.642701,13.68
1567992271.658979,12.96
1567992271.671647,11.52
1567992271.684549,10.08
1567992271.699521,8.64
1567992271.711932,7.92
1567992271.724711,7.2
1567992271.741654,6.48
1567992271.75459,5.76
1567992271.768784,5.04
1567992271.781143,5.04
1567992271.793982,4.32
1567992271.809139,4.32
1567992271.82153,4.32
1567992271.833992,4.32
1567992271.850704,4.32
1567992271.863171,4.32
1567992271.87898,5.04
1567992271.891289,5.04
1567992271.903965,5.04
1567992271.918946,5.04
1567992271.931136,5.04
1567992271.944304,5.04
1567992271.959063,5.04
1567992271.971414,5.04
1567992271.9839,4.32
1567992271.998799,4.32
1567992272.011165,4.32
1567992272.023492,4.32
1567992272.041715,4.32
1567992272.054586,5.04
1567992272.068765,5.04
1567992272.081308,5.04
1567992272.094344,5.04
1567992272.109243,4.32
1567992272.122111,4.32
1567992272.134697,4.32
1567992272.148526,4.32
1567992272.160911,3.6
1567992272.17347,3.6
1567992272.191325,3.6
1567992272.203834,3.6
1567992272.218744,2.88
1567992272.23098,2.88
1567992272.24354,2.88
1567992272.259,2.88
1567992272.271432,2.16
1567992272.284615,2.16
1567992272.29869,2.16
1567992272.313249,2.16
1567992272.328785,2.16
1567992272.342232,1.44
1567992272.354452,1.44
1567992272.371072,1.44
1567992272.383427,1.44
1567992272.398895,1.44
1567992272.411629,1.44
1567992272.42444,1.44
1567992272.442526,1.44
1567992272.458636,1.44
1567992272.471127,0.72
1567992272.483511,0.72
1567992272.499064,0.72
1567992272.511493,0.72
1567992272.524317,0.72
1567992272.542469,0.72
1567992272.558512,0.72
1567992272.570991,0.72
1567992272.584513,0.72
1567992272.598815,0.72
1567992272.611259,0.72
1567992272.623711,0.72
1567992272.642366,0.72
1567992272.658864,0.72
1567992272.671307,0.72
1567992272.683868,0.72
1567992272.698603,0.72
1567992272.711217,0.72
1567992272.723724,0.0
1567992272.742318,0.0
1567992272.758908,0.0
1567992272.771294,0.0
1567992272.784103,0.72
1567992272.798524,0.72
1567992272.811012,0.72
1567992272.823781,0.72
1567992272.842303,0.72
1567992272.858695,0.72
1567992272.871198,1.44
1567992272.883654,2.16
1567992272.899365,2.88
1567992272.911799,3.6
1567992272.928778,5.04
1567992272.942275,6.48
1567992272.958503,7.92
1567992272.970986,10.08
1567992272.983537,11.52
1567992272.99878,13.68
1567992273.011393,15.12
1567992273.023623,17.28
1567992273.04225,18.72
1567992273.058842,20.88
1567992273.071189,22.32
1567992273.083561,24.48
1567992273.098382,26.64
1567992273.110807,28.8
1567992273.1233,30.24
1567992273.141326,31.68
1567992273.154771,32.4
1567992273.168469,33.84
1567992273.180911,34.56
1567992273.193228,34.56
1567992273.208565,35.28
1567992273.220954,35.28
1567992273.233339,35.28
1567992273.248952,35.28
1567992273.261456,35.28
1567992273.274725,34.56
1567992273.291255,33.84
1567992273.303619,33.84
1567992273.318502,33.12
1567992273.330862,32.4
1567992273.343461,30.96
1567992273.358496,30.24
1567992273.371418,29.52
1567992273.384318,28.08
1567992273.39864,27.36
1567992273.411699,26.64
1567992273.42431,25.2
1567992273.441134,24.48
1567992273.453565,23.04
1567992273.468757,22.32
1567992273.481308,21.6
1567992273.494515,20.16
1567992273.508282,19.44
1567992273.520674,18.72
1567992273.533339,18.0
1567992273.548591,16.56
1567992273.561148,15.84
1567992273.573959,15.12
1567992273.592082,14.4
1567992273.608716,13.68
1567992273.621196,12.96
1567992273.642167,12.24
1567992273.658354,11.52
1567992273.672008,10.8
1567992273.692162,10.08
1567992273.708658,9.36
1567992273.72095,8.64
1567992273.733426,7.92
1567992273.749495,7.2
1567992273.763915,7.2
1567992273.778816,6.48
1567992273.7924,6.48
1567992273.808368,6.48
1567992273.821596,6.48
1567992273.834476,6.48
1567992273.84852,6.48
1567992273.862158,6.48
1567992273.878397,6.48
1567992273.892179,5.76
1567992273.908569,5.76
1567992273.921437,5.76
1567992273.942331,5.76
1567992273.958267,5.76
1567992273.970466,5.76
1567992273.98344,5.76
1567992273.998915,5.76
1567992274.01144,5.76
1567992274.024328,5.76
1567992274.042494,5.04
1567992274.058599,5.04
1567992274.071522,5.04
1567992274.084266,5.04
1567992274.098376,4.32
1567992274.112197,4.32
1567992274.128443,4.32
1567992274.142358,4.32
1567992274.158701,3.6
1567992274.171249,3.6
1567992274.184952,3.6
1567992274.198101,3.6
1567992274.210766,3.6
1567992274.223166,3.6
1567992274.242149,3.6
1567992274.258406,3.6
1567992274.271772,3.6
1567992274.292074,3.6
1567992274.308601,3.6
1567992274.320995,2.88
1567992274.333324,2.88
1567992274.348208,2.88
1567992274.360615,2.88
1567992274.373137,2.88
1567992274.391973,2.88
1567992274.408305,2.88
1567992274.420824,2.88
1567992274.433381,2.88
1567992274.448828,2.88
1567992274.46171,2.16
1567992274.474211,2.16
1567992274.492052,2.16
1567992274.508275,2.16
1567992274.520829,2.16
1567992274.533325,2.16
1567992274.548319,2.16
1567992274.560815,2.16
1567992274.57342,2.16
1567992274.592831,2.16
1567992274.608247,2.16
1567992274.620488,2.16
1567992274.633887,2.16
1567992274.648095,2.16
1567992274.660632,2.16
1567992274.672952,1.44
1567992274.690999,1.44
1567992274.703873,1.44
1567992274.718169,1.44
1567992274.730503,0.72
1567992274.74302,0.72
1567992274.758119,0.72
1567992274.770494,0.72
1567992274.783117,1.44
1567992274.798304,1.44
1567992274.810776,1.44
1567992274.823167,1.44
1567992274.840613,2.16
1567992274.853733,2.88
1567992274.868028,3.6
1567992274.880871,4.32
1567992274.893339,5.76
1567992274.908151,6.48
1567992274.921141,7.92
1567992274.93365,9.36
1567992274.948355,10.8
1567992274.962159,12.24
1567992274.978155,13.68
1567992274.990989,15.84
1567992275.003659,17.28
1567992275.018053,18.72
1567992275.030272,20.16
1567992275.044355,22.32
1567992275.058271,23.76
1567992275.070788,25.2
1567992275.08366,27.36
1567992275.097735,28.8
1567992275.112026,30.24
1567992275.128051,30.96
1567992275.140439,32.4
1567992275.153009,33.84
1567992275.170251,34.56
1567992275.182631,35.28
1567992275.198324,36.0
1567992275.21206,36.0
1567992275.228019,36.72
1567992275.240382,36.72
1567992275.252968,36.72
1567992275.268205,36.72
1567992275.281044,36.72
1567992275.294103,36.72
1567992275.307851,36.0
1567992275.320209,36.0
1567992275.332692,35.28
1567992275.348469,34.56
1567992275.361034,34.56
1567992275.373581,33.84
1567992275.390388,33.12
1567992275.403211,32.4
1567992275.417852,31.68
1567992275.43023,30.96
1567992275.443337,29.52
1567992275.458269,28.8
1567992275.470976,28.08
1567992275.484319,26.64
1567992275.497521,25.92
1567992275.51047,24.48
1567992275.523487,23.04
1567992275.54142,22.32
1567992275.557745,20.88
1567992275.570127,19.44
1567992275.5839,18.72
1567992275.598372,17.28
1567992275.610875,15.84
1567992275.623503,15.12
1567992275.641454,13.68
1567992275.65745,12.96
1567992275.670924,11.52
1567992275.691399,10.8
1567992275.707708,10.08
1567992275.722157,9.36
1567992275.742159,8.64
1567992275.757929,7.92
1567992275.770741,7.92
1567992275.783613,7.92
1567992275.798391,7.2
1567992275.811971,7.2
1567992275.827752,7.92
1567992275.842928,7.92
1567992275.857605,7.92
1567992275.869959,7.92
1567992275.883585,7.92
1567992275.897853,7.92
1567992275.910054,7.92
1567992275.923074,7.92
1567992275.941277,7.92
1567992275.957414,7.92
1567992275.970611,7.92
1567992275.983656,7.92
1567992275.997598,7.92
1567992276.011222,7.92
1567992276.027647,7.92
1567992276.041183,7.92
1567992276.057717,7.92
1567992276.070137,7.2
1567992276.082661,7.2
1567992276.097362,6.48
1567992276.109712,6.48
1567992276.121944,6.48
1567992276.141298,5.76
1567992276.15768,5.76
1567992276.17035,5.04
1567992276.183431,5.04
1567992276.197147,4.32
1567992276.209852,4.32
1567992276.222815,4.32
1567992276.240446,3.6
1567992276.253227,3.6
1567992276.267346,3.6
1567992276.279655,2.88
1567992276.291945,2.88
1567992276.307967,2.16
1567992276.321316,2.16
1567992276.341247,2.16
1567992276.357387,1.44
1567992276.369753,1.44
1567992276.382066,1.44
1567992276.397451,1.44
1567992276.409992,1.44
1567992276.423239,1.44
1567992276.439907,1.44
1567992276.452778,1.44
1567992276.467178,1.44
1567992276.479411,1.44
1567992276.4921,1.44
1567992276.507231,1.44
1567992276.519632,1.44
1567992276.532094,0.72
1567992276.547407,0.72
1567992276.559751,0.72
1567992276.572088,0.0
1567992276.58976,0.0
1567992276.602711,0.0
1567992276.617757,0.0
1567992276.630821,0.0
1567992276.647137,0.0
1567992276.659851,0.0
1567992276.672656,0.0
1567992276.689653,0.0
1567992276.701842,0.0
1567992276.717233,0.0
1567992276.729699,0.72
1567992276.742203,0.72
1567992276.757267,1.44
1567992276.769785,2.16
1567992276.782143,2.88
1567992276.797432,3.6
1567992276.810005,5.04
1567992276.823173,5.76
1567992276.84113,7.2
1567992276.856926,7.92
1567992276.869278,8.64
1567992276.881642,10.08
1567992276.897378,11.52
1567992276.909911,12.24
1567992276.922654,13.68
1567992276.94093,14.4
1567992276.957765,15.12
1567992276.971068,16.56
1567992276.991873,17.28
1567992277.006988,18.72
1567992277.019328,20.16
1567992277.032865,20.88
1567992277.047293,22.32
1567992277.059839,23.04
1567992277.072785,23.76
1567992277.091035,24.48
1567992277.106774,25.2
1567992277.11923,25.92
1567992277.13216,26.64
1567992277.147942,27.36
1567992277.16081,27.36
1567992277.177091,28.08
1567992277.190804,28.8
1567992277.207252,28.8
1567992277.220074,29.52
1567992277.233253,29.52
1567992277.246727,29.52
1567992277.259379,29.52
1567992277.272205,29.52
1567992277.290817,29.52
1567992277.307128,29.52
1567992277.319786,29.52
1567992277.340809,29.52
1567992277.357341,29.52
1567992277.370245,28.8
1567992277.390735,28.8
1567992277.406858,28.08
1567992277.419104,28.08
1567992277.431601,27.36
1567992277.447095,26.64
1567992277.459347,26.64
1567992277.471686,25.92
1567992277.490868,24.48
1567992277.506667,23.76
1567992277.518916,23.04
1567992277.531123,22.32
1567992277.54709,21.6
1567992277.560061,20.16
1567992277.572495,19.44
1567992277.590789,18.72
1567992277.607253,17.28
1567992277.619522,16.56
1567992277.631711,15.84
1567992277.646574,14.4
1567992277.65879,13.68
1567992277.671057,12.96
1567992277.690691,11.52
1567992277.706972,10.8
1567992277.719273,10.08
1567992277.731692,9.36
1567992277.74729,8.64
1567992277.75955,7.92
1567992277.771777,7.2
1567992277.790458,6.48
1567992277.806684,6.48
1567992277.819236,5.76
1567992277.832118,5.76
1567992277.847062,5.76
1567992277.860495,5.76
1567992277.876783,5.76
1567992277.890214,5.76
1567992277.906618,6.48
1567992277.919058,6.48
1567992277.931509,6.48
1567992277.946846,6.48
1567992277.959491,6.48
1567992277.972233,6.48
1567992277.990428,6.48
1567992278.00702,5.76
1567992278.019307,5.76
1567992278.031688,5.76
1567992278.046624,5.76
1567992278.059044,5.76
1567992278.071519,5.76
1567992278.090649,5.04
1567992278.106949,5.04
1567992278.119326,5.04
1567992278.131835,5.04
1567992278.146622,5.04
1567992278.158977,4.32
1567992278.171351,4.32
1567992278.189344,4.32
1567992278.20225,4.32
1567992278.216682,3.6
1567992278.230232,3.6
1567992278.247425,3.6
1567992278.260071,2.88
1567992278.276606,2.88
1567992278.289112,2.88
1567992278.301753,2.16
1567992278.31666,2.16
1567992278.328861,2.16
1567992278.341633,1.44
1567992278.356644,1.44
1567992278.369288,1.44
1567992278.381561,1.44
1567992278.396362,1.44
1567992278.408672,1.44
1567992278.42121,1.44
1567992278.440404,1.44
1567992278.456742,1.44
1567992278.469344,1.44
1567992278.482209,1.44
1567992278.497046,1.44
1567992278.509754,1.44
1567992278.522464,0.72
1567992278.540174,0.72
1567992278.556411,0.72
1567992278.568604,0.72
1567992278.580804,0.72
1567992278.59663,0.72
1567992278.608881,0.72
1567992278.621072,0.72
1567992278.640151,0.72
1567992278.656363,0.0
1567992278.668683,0.0
1567992278.680925,0.0
1567992278.696707,0.0
1567992278.709184,0.0
1567992278.721533,0.0
1567992278.740137,0.72
1567992278.756819,0.72
1567992278.769537,1.44
1567992278.782513,2.16
1567992278.796371,2.88
1567992278.808811,4.32
1567992278.82116,6.48
1567992278.840186,7.92
1567992278.856628,9.36
1567992278.868862,10.8
1567992278.881175,11.52
1567992278.896281,12.96
1567992278.908685,14.4
1567992278.921333,15.12
1567992278.93999,16.56
1567992278.956509,18.0
1567992278.968828,19.44
1567992278.981974,21.6
1567992278.996846,23.04
1567992279.009491,24.48
1567992279.022081,25.92
1567992279.040031,27.36
1567992279.056423,28.8
1567992279.06885,30.24
1567992279.081541,30.96
1567992279.096324,32.4
1567992279.108821,33.12
1567992279.121251,34.56
1567992279.140143,35.28
1567992279.156747,36.72
1567992279.169421,37.44
1567992279.190389,38.16
1567992279.206299,38.16
1567992279.218944,38.88
1567992279.231816,38.88
1567992279.246419,38.88
1567992279.259282,38.88
1567992279.272259,38.16
1567992279.290034,38.16
1567992279.306582,37.44
1567992279.320286,36.72
1567992279.339959,36.0
1567992279.356073,35.28
1567992279.368511,33.84
1567992279.381298,33.12
1567992279.396317,31.68
1567992279.409052,30.24
1567992279.421751,28.8
1567992279.440034,27.36
1567992279.456844,25.92
1567992279.469315,24.48
1567992279.482055,23.04
1567992279.49622,21.6
1567992279.508723,20.16
1567992279.521144,18.0
1567992279.539934,17.28
1567992279.556553,15.84
1567992279.569233,14.4
1567992279.582001,12.96
1567992279.596632,11.52
1567992279.609495,10.8
1567992279.622179,9.36
1567992279.639873,8.64
1567992279.656005,7.92
1567992279.668794,7.2
1567992279.681372,6.48
1567992279.696278,5.76
1567992279.708605,5.04
1567992279.720897,5.04
1567992279.739848,5.04
1567992279.751973,5.04
1567992279.766036,5.76
1567992279.77857,5.76
1567992279.791269,5.76
1567992279.80594,5.04
1567992279.818403,5.04
1567992279.831021,5.04
1567992279.846235,5.04
1567992279.858565,5.04
1567992279.871259,5.04
1567992279.889897,5.04
1567992279.906591,5.04
1567992279.919552,5.04
1567992279.933069,5.04
1567992279.945928,4.32
1567992279.958326,4.32
1567992279.970767,4.32
1567992279.989943,4.32
1567992280.006445,4.32
1567992280.019295,4.32
1567992280.032073,4.32
1567992280.046544,4.32
1567992280.059082,4.32
1567992280.07175,3.6
1567992280.089889,3.6
1567992280.106149,3.6
1567992280.118424,3.6
1567992280.131214,3.6
1567992280.146537,3.6
1567992280.158936,2.88
1567992280.171544,2.88
1567992280.189805,2.88
1567992280.206726,2.88
1567992280.219168,2.88
1567992280.232007,2.16
1567992280.245982,2.16
1567992280.258367,2.16
1567992280.271042,2.16
1567992280.289867,2.16
1567992280.306384,2.16
1567992280.31899,1.44
1567992280.332237,1.44
1567992280.345811,1.44
1567992280.358036,0.72
1567992280.371177,0.72
1567992280.389773,0.72
1567992280.406399,0.72
1567992280.418793,0.0
1567992280.431656,0.0
1567992280.445802,0.0
1567992280.458153,-0.72
1567992280.471034,-0.72
1567992280.490034,-0.72
1567992280.505945,-0.72
1567992280.518435,-1.44
1567992280.53087,-1.44
1567992280.546305,-1.44
1567992280.558664,-1.44
1567992280.570967,-1.44
1567992280.58967,-1.44
1567992280.605805,-1.44
1567992280.618056,-0.72
1567992280.630685,-0.72
1567992280.646317,-0.72
1567992280.659347,0.0
1567992280.671816,0.72
1567992280.691756,0.72
1567992280.707149,2.16
1567992280.719892,2.88
1567992280.740699,3.6
1567992280.756438,5.04
1567992280.768683,6.48
1567992280.782307,7.92
1567992280.796636,9.36
1567992280.809711,11.52
1567992280.827135,13.68
1567992280.840257,15.12
1567992280.85699,17.28
1567992280.870055,19.44
1567992280.891313,21.6
1567992280.906877,23.76
1567992280.919581,25.92
1567992280.940986,28.8
1567992280.956708,30.96
1567992280.969005,33.12
1567992280.981781,34.56
1567992280.996849,36.72
1567992281.010212,37.44
1567992281.026581,38.88
1567992281.040233,39.6
1567992281.05678,41.04
1567992281.069135,41.04
1567992281.081774,41.76
1567992281.097136,41.76
1567992281.109497,41.76
1567992281.126699,41.76
1567992281.14032,41.04
1567992281.156374,40.32
1567992281.168681,39.6
1567992281.181517,38.88
1567992281.196657,37.44
1567992281.208956,36.72
1567992281.221387,35.28
1567992281.240161,34.56
1567992281.256909,33.12
1567992281.269282,31.68
1567992281.281712,30.96
1567992281.296951,29.52
1567992281.309521,28.08
1567992281.326775,26.64
1567992281.340147,25.2
1567992281.356431,24.48
1567992281.368817,23.04
1567992281.381882,21.6
1567992281.396361,20.16
1567992281.409329,18.72
1567992281.426722,18.0
1567992281.440269,16.56
1567992281.456948,15.12
1567992281.469285,14.4
1567992281.49007,12.96
1567992281.506192,11.52
1567992281.518536,10.8
1567992281.530819,9.36
1567992281.546487,8.64
1567992281.558901,7.92
1567992281.571394,7.2
1567992281.590411,6.48
1567992281.606555,5.76
1567992281.618933,5.04
1567992281.631814,5.04
1567992281.646279,4.32
1567992281.658662,4.32
1567992281.671217,5.04
1567992281.690026,5.04
1567992281.706583,5.76
1567992281.719275,6.48
1567992281.74045,6.48
1567992281.756728,6.48
1567992281.769142,6.48
1567992281.781543,7.2
1567992281.796935,7.2
1567992281.809271,7.2
1567992281.826573,7.92
1567992281.839232,7.92
1567992281.855662,7.92
1567992281.867981,7.92
1567992281.880311,7.92
1567992281.896613,7.92
1567992281.909123,7.92
1567992281.926159,7.92
1567992281.939969,7.92
1567992281.956428,7.92
1567992281.968797,7.2
1567992281.981776,7.2
1567992281.996364,7.2
1567992282.008814,7.2
1567992282.021474,7.2
1567992282.039762,6.48
1567992282.056663,6.48
1567992282.069398,6.48
1567992282.09024,5.76
1567992282.10723,5.76
1567992282.120806,5.76
