1567993474.801465,0.0
1567993474.81215,0.0
1567993474.825403,0.0
1567993474.836099,0.0
1567993474.846599,0.0
1567993474.856982,0.0
1567993474.867333,0.0
1567993474.877647,0.0
1567993474.887933,0.0
1567993474.898304,0.0
1567993474.90873,0.0
1567993474.927002,0.0
1567993474.93743,0.0
1567993474.947761,0.0
1567993474.958107,0.0
1567993474.968449,0.0
1567993474.978731,0.0
1567993474.989024,0.0
1567993475.001652,0.0
1567993475.012166,0.0
1567993475.022609,0.0
1567993475.033007,0.0
1567993475.043338,0.0
1567993475.053674,0.0
1567993475.064059,0.72
1567993475.074346,0.72
1567993475.084616,0.72
1567993475.094931,0.72
1567993475.105315,0.72
1567993475.115668,0.72
1567993475.126076,0.72
1567993475.136448,0.72
1567993475.146786,0.72
1567993475.157172,0.72
1567993475.167605,0.0
1567993475.177978,0.0
1567993475.188348,0.0
1567993475.198783,0.0
1567993475.209173,0.0
1567993475.219507,0.0
1567993475.229836,0.0
1567993475.24016,0.0
1567993475.25046,0.0
1567993475.260857,0.0
1567993475.271182,0.0
1567993475.281726,0.0
1567993475.292232,0.0
1567993475.302602,0.0
1567993475.312906,0.72
1567993475.323214,0.72
1567993475.333513,0.72
1567993475.343841,0.72
1567993475.354213,0.72
1567993475.364518,0.72
1567993475.374809,0.72
1567993475.385114,0.72
1567993475.395464,0.72
1567993475.405772,0.72
1567993475.416108,0.72
1567993475.426408,0.72
1567993475.43677,0.72
1567993475.447214,0.72
1567993475.457573,0.72
1567993475.467844,0.72
1567993475.47827,0.72
1567993475.488691,0.72
1567993475.499178,0.72
1567993475.509658,0.72
1567993475.520269,0.72
1567993475.530985,0.72
1567993475.54149,0.72
1567993475.551932,0.72
1567993475.562428,0.72
1567993475.572981,0.72
1567993475.583466,0.72
1567993475.593943,0.72
1567993475.604403,0.72
1567993475.615004,0.72
1567993475.625615,0.72
1567993475.636072,0.72
1567993475.646511,0.72
1567993475.656957,0.72
1567993475.667885,0.72
1567993475.678768,0.72
1567993475.689586,0.72
1567993475.700923,0.72
1567993475.711714,0.72
1567993475.722589,0.72
1567993475.741036,0.72
1567993475.75176,0.72
1567993475.762495,0.72
1567993475.773188,0.72
1567993475.783839,0.72
1567993475.794438,0.72
1567993475.804942,0.72
1567993475.815459,0.72
1567993475.825962,0.72
1567993475.836529,0.72
1567993475.847035,0.72
1567993475.85748,0.72
1567993475.867922,0.72
1567993475.878363,0.72
1567993475.888969,0.72
1567993475.899421,0.72
1567993475.909855,0.72
1567993475.92044,0.72
1567993475.931241,0.72
1567993475.941816,0.72
1567993475.952291,0.72
1567993475.962728,0.72
1567993475.973181,0.72
1567993475.983678,0.72
1567993475.994212,0.72
1567993476.004938,0.72
1567993476.015473,0.72
1567993476.038003,0.72
1567993476.048701,0.72
1567993476.059548,0.72
1567993476.070084,0.72
1567993476.080613,0.72
1567993476.091139,0.72
1567993476.101631,0.72
1567993476.112146,0.72
1567993476.122672,0.72
1567993476.133198,0.72
1567993476.143718,0.72
1567993476.154292,0.72
1567993476.164812,0.72
1567993476.175284,0.72
1567993476.18581,0.72
1567993476.196433,0.72
1567993476.206884,0.72
1567993476.217326,0.72
1567993476.2277,0.72
1567993476.238031,0.72
1567993476.248481,0.72
1567993476.258901,0.72
1567993476.269206,0.72
1567993476.279567,0.72
1567993476.290237,0.72
1567993476.300684,0.72
1567993476.311283,0.72
1567993476.321692,0.72
1567993476.332012,0.72
1567993476.342603,0.72
1567993476.353002,0.72
1567993476.36334,0.72
1567993476.373618,0.72
1567993476.383906,0.72
1567993476.394176,0.72
1567993476.404437,0.72
1567993476.41475,0.72
1567993476.425159,0.72
1567993476.435492,0.72
1567993476.445777,0.72
1567993476.456057,0.72
1567993476.466337,0.72
1567993476.476611,0.72
1567993476.486876,0.72
1567993476.497138,0.72
1567993476.507405,0.72
1567993476.517682,0.72
1567993476.527946,0.72
1567993476.538208,0.72
1567993476.548478,0.72
1567993476.558784,0.72
1567993476.569088,0.72
1567993476.579372,0.72
1567993476.589649,0.72
1567993476.600051,0.72
1567993476.610383,0.72
1567993476.621458,0.72
1567993476.631945,0.72
1567993476.642532,0.72
1567993476.652999,0.72
1567993476.663465,0.72
1567993476.673792,0.72
1567993476.684484,0.72
1567993476.695202,0.72
1567993476.705837,0.72
1567993476.716498,0.72
1567993476.727149,0.72
1567993476.737819,0.72
1567993476.748505,0.72
1567993476.759139,0.72
1567993476.769808,0.72
1567993476.780461,0.72
1567993476.791152,0.72
1567993476.80174,0.72
1567993476.812329,0.72
1567993476.822959,0.72
1567993476.833645,0.72
1567993476.844358,0.72
1567993476.855029,0.72
1567993476.865692,0.72
1567993476.876366,0.72
1567993476.887052,0.72
1567993476.897637,0.72
1567993476.908357,0.72
1567993476.919188,0.72
1567993476.930024,0.72
1567993476.941182,0.72
1567993476.952003,0.72
1567993476.962999,0.72
1567993476.973818,0.72
1567993476.984833,0.72
1567993476.995644,0.72
1567993477.006427,0.72
1567993477.017144,0.72
1567993477.027719,0.72
1567993477.03827,0.72
1567993477.048891,0.72
1567993477.059509,0.72
1567993477.070158,0.72
1567993477.080912,0.72
1567993477.091512,0.72
1567993477.102027,0.72
1567993477.11259,0.72
1567993477.123146,0.0
1567993477.13364,0.0
1567993477.144102,0.0
1567993477.154578,0.0
1567993477.165054,0.0
1567993477.175671,0.0
1567993477.186037,0.0
1567993477.196378,0.0
1567993477.206819,0.0
1567993477.217392,0.0
1567993477.227846,0.0
1567993477.238469,0.0
1567993477.248943,0.0
1567993477.259416,0.0
1567993477.269877,0.0
1567993477.280325,0.0
1567993477.290889,0.0
1567993477.301374,0.0
1567993477.311784,0.0
1567993477.322221,0.0
1567993477.33266,0.0
1567993477.343076,0.0
1567993477.353549,0.0
1567993477.36411,0.0
1567993477.374582,0.0
1567993477.385159,0.0
1567993477.395664,0.0
1567993477.406786,0.0
1567993477.417384,0.0
1567993477.427932,0.0
1567993477.438484,0.0
1567993477.449007,0.0
1567993477.45947,0.0
1567993477.47004,0.0
1567993477.480708,0.0
1567993477.491348,0.0
1567993477.501788,0.0
1567993477.512363,0.0
1567993477.522926,0.0
1567993477.53347,0.0
1567993477.543943,0.0
1567993477.55435,0.0
1567993477.564901,0.0
1567993477.575472,0.0
1567993477.586037,0.0
1567993477.596528,0.0
1567993477.606954,0.0
1567993477.61747,0.0
1567993477.627919,0.0
1567993477.638364,0.0
1567993477.648905,0.0
1567993477.659486,0.0
1567993477.670024,0.0
1567993477.680496,0.0
1567993477.691215,0.0
1567993477.701795,0.0
1567993477.712483,0.0
1567993477.723239,0.0
1567993477.73391,0.0
1567993477.744502,0.0
1567993477.755126,0.0
1567993477.765734,0.0
1567993477.776315,0.0
1567993477.787013,0.0
1567993477.797879,0.0
1567993477.808616,0.0
1567993477.819357,0.0
1567993477.830097,0.0
1567993477.840903,0.0
1567993477.851667,0.0
1567993477.862549,0.0
1567993477.873274,0.0
1567993477.883927,0.0
1567993477.89468,0.0
1567993477.905417,0.0
1567993477.916056,0.0
1567993477.926755,0.0
1567993477.937406,0.0
1567993477.948124,0.0
1567993477.958857,0.0
1567993477.969561,0.0
1567993477.980946,0.0
1567993477.99166,0.0
1567993478.002318,0.0
1567993478.012954,0.0
1567993478.023633,0.0
1567993478.034248,0.0
1567993478.044898,0.0
1567993478.055886,0.0
1567993478.066823,0.0
1567993478.077458,0.0
1567993478.088026,0.0
1567993478.098667,0.0
1567993478.109373,-0.72
1567993478.12015,-0.72
1567993478.131023,-0.72
1567993478.141854,-0.72
1567993478.152577,-0.72
1567993478.163536,-0.72
1567993478.174265,-0.72
1567993478.184867,-0.72
1567993478.195625,-0.72
1567993478.206342,-0.72
1567993478.217707,-0.72
1567993478.228968,0.0
1567993478.239896,0.0
1567993478.250623,0.0
1567993478.261347,0.0
1567993478.272059,0.0
1567993478.282714,0.0
1567993478.293643,0.0
1567993478.304388,0.0
1567993478.315112,0.0
1567993478.325765,0.0
1567993478.336528,0.0
1567993478.347226,0.0
1567993478.357827,0.0
1567993478.368458,0.0
1567993478.379209,0.0
1567993478.390322,0.0
1567993478.401153,0.0
1567993478.412039,0.0
1567993478.422916,0.0
1567993478.433672,0.0
1567993478.444432,0.0
1567993478.455265,0.0
1567993478.465949,0.0
1567993478.476568,0.0
1567993478.487385,0.0
1567993478.498948,0.0
1567993478.509716,0.0
1567993478.520357,0.0
1567993478.531222,0.0
1567993478.541934,0.0
1567993478.552515,0.0
1567993478.563326,0.0
1567993478.574257,0.0
1567993478.584951,0.0
1567993478.59571,0.0
1567993478.606376,0.0
1567993478.617528,0.0
1567993478.628253,0.0
1567993478.638975,0.0
1567993478.649692,0.0
1567993478.660406,0.0
1567993478.671318,0.0
1567993478.681956,0.0
1567993478.692732,0.0
1567993478.703452,0.0
1567993478.714421,0.0
1567993478.725075,0.0
1567993478.735909,0.0
1567993478.746692,0.0
1567993478.757376,0.0
1567993478.767902,0.0
1567993478.778551,0.0
1567993478.789319,0.0
1567993478.799996,0.0
1567993478.810957,0.0
1567993478.82197,0.0
1567993478.832734,0.0
1567993478.843401,0.0
1567993478.854076,0.0
1567993478.86467,0.0
1567993478.875291,0.0
1567993478.885865,0.0
1567993478.89649,0.0
1567993478.907254,0.0
1567993478.918023,0.0
1567993478.928756,0.0
1567993478.939475,0.0
1567993478.950158,0.0
1567993478.960783,0.0
1567993478.971676,0.0
1567993478.982522,0.0
1567993478.993791,0.0
1567993479.00482,0.0
1567993479.01568,0.0
1567993479.026349,-0.72
1567993479.037207,-0.72
1567993479.047912,-0.72
1567993479.05879,-0.72
1567993479.069576,-0.72
1567993479.080299,-0.72
1567993479.091111,-0.72
1567993479.101977,-0.72
1567993479.11273,-0.72
1567993479.123496,-0.72
1567993479.134728,-0.72
1567993479.14547,-0.72
1567993479.156217,-0.72
1567993479.166903,-0.72
1567993479.177461,-0.72
1567993479.188331,-0.72
1567993479.199358,-0.72
1567993479.21009,-0.72
1567993479.220903,-0.72
1567993479.231607,-0.72
1567993479.242251,-0.72
1567993479.253367,-0.72
1567993479.264102,-0.72
1567993479.274845,-0.72
1567993479.28548,-0.72
1567993479.296122,-0.72
1567993479.307014,-0.72
1567993479.317737,-0.72
1567993479.328468,-0.72
1567993479.339201,-0.72
1567993479.350056,-0.72
1567993479.360909,-0.72
1567993479.371629,-0.72
1567993479.382603,-0.72
1567993479.393464,-0.72
1567993479.404244,-0.72
1567993479.41501,-0.72
1567993479.425685,-0.72
1567993479.43645,-0.72
1567993479.447181,-0.72
1567993479.45789,-0.72
1567993479.468602,-0.72
1567993479.479194,-0.72
1567993479.489883,-0.72
1567993479.500638,-0.72
1567993479.511359,-0.72
1567993479.522107,-0.72
1567993479.532888,-0.72
1567993479.543661,-0.72
1567993479.554514,-0.72
1567993479.565351,-0.72
1567993479.576014,-0.72
1567993479.58678,-0.72
1567993479.597532,-0.72
1567993479.608383,-0.72
1567993479.619138,-0.72
1567993479.629889,-0.72
1567993479.64086,-0.72
1567993479.651575,-0.72
1567993479.662225,-0.72
1567993479.672927,-0.72
1567993479.683602,-0.72
1567993479.694237,-0.72
1567993479.705454,-0.72
1567993479.716396,-0.72
1567993479.72712,-1.44
1567993479.737826,-1.44
1567993479.748423,-1.44
1567993479.759177,-1.44
1567993479.769894,-1.44
1567993479.780668,-1.44
1567993479.791641,-1.44
1567993479.802491,-1.44
1567993479.813557,-1.44
1567993479.824536,-1.44
1567993479.835375,-1.44
1567993479.846247,-1.44
1567993479.856992,-1.44
1567993479.867681,-1.44
1567993479.878408,-1.44
1567993479.88911,-1.44
1567993479.899845,-1.44
1567993479.910873,-1.44
1567993479.921672,-1.44
1567993479.932459,-1.44
1567993479.943252,-1.44
1567993479.954008,-1.44
1567993479.964783,-1.44
1567993479.975591,-1.44
1567993479.986405,-1.44
1567993479.997308,-1.44
1567993480.008113,-1.44
1567993480.018976,-1.44
1567993480.029696,-1.44
1567993480.040499,-1.44
1567993480.051515,-1.44
1567993480.062255,-1.44
1567993480.073201,-1.44
1567993480.084151,-1.44
1567993480.094804,-1.44
1567993480.105507,-1.44
1567993480.116238,-1.44
1567993480.127026,-1.44
1567993480.13796,-1.44
1567993480.149097,-1.44
1567993480.159835,-1.44
1567993480.170635,-1.44
1567993480.181559,-1.44
1567993480.192764,-1.44
1567993480.20355,-1.44
1567993480.214322,-1.44
1567993480.22497,-1.44
1567993480.235827,-1.44
1567993480.246625,-1.44
1567993480.257809,-1.44
1567993480.268534,-1.44
1567993480.279311,-1.44
1567993480.29018,-1.44
1567993480.301252,-1.44
1567993480.312302,-1.44
1567993480.323134,-1.44
1567993480.334068,-1.44
1567993480.344776,-1.44
1567993480.355559,-1.44
1567993480.366293,-1.44
1567993480.377065,-1.44
1567993480.38785,-1.44
1567993480.39866,-1.44
1567993480.409327,-1.44
1567993480.420021,-1.44
1567993480.431064,-1.44
1567993480.441972,-1.44
1567993480.452939,-1.44
1567993480.463725,-1.44
1567993480.474661,-1.44
1567993480.485593,-1.44
1567993480.496383,-1.44
1567993480.507053,-1.44
1567993480.517743,-1.44
1567993480.528486,-1.44
1567993480.539371,-1.44
1567993480.550288,-1.44
1567993480.561277,-1.44
1567993480.57213,-1.44
1567993480.582986,-1.44
1567993480.593779,-1.44
1567993480.604403,-1.44
1567993480.615137,-1.44
1567993480.625901,-1.44
1567993480.636681,-1.44
1567993480.647509,-1.44
1567993480.658283,-1.44
1567993480.669054,-1.44
1567993480.679824,-1.44
1567993480.690605,-1.44
1567993480.701332,-1.44
1567993480.712065,-1.44
1567993480.722898,-1.44
1567993480.733667,-1.44
1567993480.744393,-1.44
1567993480.755169,-1.44
1567993480.765821,-1.44
1567993480.776603,-1.44
1567993480.787502,-1.44
1567993480.798235,-1.44
1567993480.809077,-1.44
1567993480.819831,-1.44
1567993480.830646,-1.44
1567993480.841392,-1.44
1567993480.852114,-1.44
1567993480.863026,-1.44
1567993480.87379,-1.44
1567993480.88463,-1.44
1567993480.895523,-1.44
1567993480.906235,-1.44
1567993480.916864,-1.44
1567993480.927738,-1.44
1567993480.938594,-1.44
1567993480.949398,-1.44
1567993480.960122,-1.44
1567993480.971101,-1.44
1567993480.982059,-1.44
1567993480.992806,-1.44
1567993481.003511,-1.44
1567993481.014153,-1.44
1567993481.024883,-1.44
1567993481.035857,-1.44
1567993481.046638,-1.44
1567993481.057446,-1.44
1567993481.068279,-1.44
1567993481.07942,-1.44
1567993481.09018,-1.44
1567993481.101003,-1.44
1567993481.111751,-1.44
1567993481.122551,-1.44
1567993481.133419,-1.44
1567993481.144158,-1.44
1567993481.154969,-1.44
1567993481.16569,-1.44
1567993481.176268,-1.44
1567993481.187008,-1.44
1567993481.197891,-1.44
1567993481.20879,-1.44
1567993481.219562,-1.44
1567993481.230242,-1.44
1567993481.241216,-1.44
1567993481.252048,-1.44
1567993481.26292,-1.44
1567993481.273765,-1.44
1567993481.286458,-1.44
1567993481.297447,-1.44
1567993481.308328,-1.44
1567993481.319067,-1.44
1567993481.329822,-1.44
1567993481.340947,-0.72
1567993481.351734,-0.72
1567993481.362464,-0.72
1567993481.373208,-0.72
1567993481.383954,-0.72
1567993481.394995,-0.72
1567993481.405867,-0.72
1567993481.4166,-0.72
1567993481.427338,-0.72
1567993481.438099,-0.72
1567993481.448856,-0.72
1567993481.459731,-0.72
1567993481.470763,-0.72
1567993481.481789,-0.72
1567993481.492519,-0.72
1567993481.503266,-0.72
1567993481.513973,-0.72
1567993481.52479,-0.72
1567993481.535556,-0.72
1567993481.546316,-0.72
1567993481.55702,-0.72
1567993481.567746,-0.72
1567993481.578486,-0.72
1567993481.589281,-0.72
1567993481.600036,-0.72
1567993481.610907,-0.72
1567993481.621694,-0.72
1567993481.632392,-0.72
1567993481.64327,-0.72
1567993481.654173,-0.72
1567993481.664869,-0.72
1567993481.6756,-0.72
1567993481.686317,-0.72
1567993481.697119,-0.72
1567993481.707828,0.0
1567993481.718521,0.0
1567993481.729209,0.0
1567993481.740113,0.0
1567993481.750948,0.0
1567993481.761719,0.0
1567993481.772418,0.0
1567993481.783463,0.72
1567993481.794406,0.72
1567993481.805312,0.72
1567993481.816021,0.72
1567993481.82673,1.44
1567993481.837528,1.44
1567993481.848452,1.44
1567993481.859446,2.16
1567993481.870197,2.16
1567993481.880839,2.16
1567993481.891948,2.16
1567993481.902765,2.88
1567993481.913679,2.88
1567993481.924492,2.88
1567993481.935211,2.88
1567993481.945881,2.88
1567993481.956611,3.6
1567993481.967392,3.6
1567993481.978144,3.6
1567993481.9889,3.6
1567993481.999809,3.6
1567993482.010644,3.6
1567993482.021662,4.32
1567993482.032537,4.32
1567993482.043215,5.04
1567993482.053944,5.04
1567993482.064869,5.76
1567993482.075643,5.76
1567993482.086325,6.48
1567993482.097188,6.48
1567993482.107902,7.2
1567993482.118643,7.2
1567993482.129399,7.92
1567993482.141016,7.92
1567993482.152055,8.64
1567993482.162788,8.64
1567993482.173459,9.36
1567993482.184139,9.36
1567993482.195072,9.36
1567993482.205842,10.08
1567993482.216505,10.08
1567993482.227299,10.08
1567993482.238015,10.8
1567993482.248686,10.8
1567993482.259396,10.8
1567993482.270145,11.52
1567993482.28098,11.52
1567993482.291706,11.52
1567993482.302415,11.52
1567993482.313254,11.52
1567993482.323874,11.52
1567993482.334546,10.8
1567993482.345352,10.8
1567993482.356176,10.8
1567993482.366833,10.8
1567993482.377456,10.8
1567993482.388148,10.08
1567993482.398847,10.08
1567993482.409553,10.08
1567993482.420224,9.36
1567993482.431001,9.36
1567993482.441735,9.36
1567993482.45247,8.64
1567993482.463169,8.64
1567993482.473889,8.64
1567993482.484575,8.64
1567993482.495296,7.92
1567993482.505959,7.92
1567993482.516599,7.92
1567993482.527268,7.92
1567993482.537923,7.2
1567993482.548565,7.2
1567993482.559349,7.2
1567993482.570013,6.48
1567993482.580735,6.48
1567993482.591415,6.48
1567993482.602694,6.48
1567993482.613441,6.48
1567993482.624138,6.48
1567993482.63497,6.48
1567993482.645822,6.48
1567993482.656633,6.48
1567993482.667399,5.76
1567993482.67813,5.76
1567993482.688929,5.76
1567993482.700799,5.04
1567993482.712424,5.04
1567993482.723397,5.04
1567993482.734179,5.04
1567993482.745062,5.04
1567993482.755775,5.04
1567993482.766485,5.04
1567993482.777104,5.04
1567993482.787871,5.04
1567993482.798636,5.04
1567993482.809327,4.32
1567993482.820062,4.32
1567993482.830912,4.32
1567993482.841656,4.32
1567993482.852445,4.32
1567993482.863293,4.32
1567993482.874172,3.6
1567993482.884932,3.6
1567993482.895775,3.6
1567993482.90645,3.6
1567993482.917025,2.88
1567993482.927743,2.88
1567993482.938456,2.88
1567993482.94915,2.88
1567993482.959816,2.16
1567993482.970492,2.16
1567993482.981293,2.16
1567993482.99222,2.16
1567993483.002895,2.16
1567993483.013522,2.16
1567993483.024443,1.44
1567993483.035204,1.44
1567993483.04606,1.44
1567993483.05677,1.44
1567993483.067318,0.72
1567993483.078085,0.72
1567993483.088731,0.72
1567993483.099575,0.72
1567993483.110294,0.72
1567993483.121504,0.72
1567993483.132225,0.72
1567993483.142941,0.72
1567993483.153673,0.72
1567993483.164339,0.72
1567993483.174885,0.72
1567993483.185493,1.44
1567993483.196124,1.44
1567993483.206785,1.44
1567993483.217452,1.44
1567993483.228157,2.16
1567993483.238864,2.16
1567993483.249591,2.16
1567993483.260309,2.16
1567993483.271201,2.16
1567993483.28202,2.16
1567993483.292846,2.16
1567993483.303501,2.16
1567993483.31427,2.16
1567993483.324991,2.16
1567993483.335684,2.16
1567993483.346325,2.16
1567993483.356955,2.16
1567993483.367633,2.16
1567993483.37836,2.16
1567993483.389086,1.44
1567993483.3997,1.44
1567993483.410433,1.44
1567993483.421747,1.44
1567993483.432627,0.72
1567993483.443353,0.72
1567993483.453978,0.72
1567993483.46478,0.72
1567993483.475617,0.72
1567993483.486344,0.0
1567993483.497077,0.0
1567993483.507711,0.0
1567993483.51845,0.0
1567993483.529443,-0.72
1567993483.54011,-0.72
1567993483.551061,-0.72
1567993483.561968,-0.72
1567993483.572704,-0.72
1567993483.583538,-1.44
1567993483.594312,-1.44
1567993483.605032,-1.44
1567993483.615745,-1.44
1567993483.626541,-1.44
1567993483.637419,-1.44
1567993483.648145,-1.44
1567993483.658925,-1.44
1567993483.669738,-1.44
1567993483.680657,-1.44
1567993483.691643,-1.44
1567993483.70259,-1.44
1567993483.713302,-1.44
1567993483.724109,-1.44
1567993483.735596,-1.44
1567993483.746329,-1.44
1567993483.757028,-1.44
1567993483.767682,-1.44
1567993483.778557,-0.72
1567993483.789445,-0.72
1567993483.800178,-0.72
1567993483.811006,-0.72
1567993483.821773,-0.72
1567993483.83258,-0.72
1567993483.843294,-0.72
1567993483.85406,-0.72
1567993483.864783,-0.72
1567993483.875542,-0.72
1567993483.886113,-0.72
1567993483.896694,-0.72
1567993483.907269,-0.72
1567993483.917891,-0.72
1567993483.928588,-0.72
1567993483.9392,-0.72
1567993483.949977,-0.72
1567993483.961155,-0.72
1567993483.971895,-0.72
1567993483.982643,-0.72
1567993483.99347,-0.72
1567993484.004108,0.0
1567993484.01473,0.0
1567993484.02524,0.0
1567993484.035774,0.72
1567993484.046349,1.44
1567993484.056903,2.16
1567993484.067443,3.6
1567993484.078067,5.04
1567993484.089079,6.48
1567993484.099995,8.64
1567993484.110884,10.8
1567993484.121716,12.24
1567993484.132582,14.4
1567993484.143377,15.84
1567993484.154127,18.0
1567993484.164752,20.16
1567993484.175312,22.32
1567993484.185906,24.48
1567993484.196447,25.92
1567993484.206983,27.36
1567993484.217533,28.8
1567993484.228178,29.52
1567993484.238786,30.96
1567993484.249361,31.68
1567993484.259918,32.4
1567993484.270849,32.4
1567993484.281647,32.4
1567993484.292503,32.4
1567993484.303172,31.68
1567993484.313829,30.96
1567993484.324453,30.24
1567993484.335001,29.52
1567993484.345523,28.08
1567993484.356062,27.36
1567993484.366697,25.92
1567993484.377227,25.2
1567993484.387778,23.76
1567993484.398631,22.32
1567993484.409605,20.88
1567993484.42042,19.44
1567993484.4313,18.0
1567993484.441986,16.56
1567993484.452676,15.12
1567993484.463339,13.68
1567993484.4739,12.24
1567993484.48447,11.52
1567993484.495031,10.08
1567993484.505577,8.64
1567993484.516184,7.2
1567993484.526908,6.48
1567993484.538038,5.04
1567993484.549161,4.32
1567993484.559954,3.6
1567993484.570879,2.16
1567993484.581601,2.16
1567993484.592254,1.44
1567993484.603007,1.44
1567993484.6137,1.44
1567993484.624302,1.44
1567993484.634998,2.16
1567993484.645797,2.16
1567993484.656695,2.88
1567993484.667578,3.6
1567993484.678344,3.6
1567993484.689091,3.6
1567993484.69987,2.88
1567993484.710735,2.88
1567993484.721481,2.88
1567993484.732238,3.6
1567993484.742961,3.6
1567993484.753844,3.6
1567993484.764573,3.6
1567993484.775232,3.6
1567993484.786032,3.6
1567993484.796917,3.6
1567993484.80773,2.88
1567993484.819034,2.88
1567993484.829821,2.88
1567993484.840875,2.16
1567993484.851588,2.16
1567993484.862346,1.44
1567993484.873027,1.44
1567993484.883767,0.72
1567993484.894901,0.72
1567993484.905658,0.72
1567993484.916388,0.0
1567993484.928929,0.0
1567993484.939784,0.0
1567993484.950624,0.0
1567993484.961321,0.0
1567993484.971916,0.0
1567993484.982601,0.0
1567993484.993283,0.0
1567993485.004744,0.0
1567993485.016074,0.0
1567993485.026928,0.0
1567993485.037689,0.0
1567993485.048412,0.0
1567993485.059151,0.0
1567993485.069825,0.72
1567993485.080808,0.72
1567993485.091661,0.72
1567993485.102411,0.72
1567993485.113196,0.72
1567993485.123874,0.72
1567993485.134451,0.72
1567993485.145105,0.72
1567993485.155774,0.72
1567993485.16674,0.72
1567993485.177508,0.72
1567993485.188276,0.72
1567993485.19903,0.72
1567993485.20975,0.72
1567993485.220423,1.44
1567993485.231648,1.44
1567993485.242526,2.16
1567993485.253627,2.88
1567993485.264741,2.88
1567993485.275946,3.6
1567993485.286765,4.32
1567993485.297581,5.76
1567993485.308743,6.48
1567993485.319466,7.92
1567993485.330182,9.36
1567993485.340961,10.8
1567993485.351765,12.96
1567993485.362613,14.4
1567993485.373439,17.28
1567993485.384425,20.16
1567993485.395407,23.76
1567993485.406063,27.36
1567993485.416758,30.24
1567993485.427474,32.4
1567993485.438577,34.56
1567993485.449223,36.72
1567993485.459948,38.16
1567993485.471522,38.88
1567993485.482617,39.6
1567993485.494247,40.32
1567993485.504927,40.32
1567993485.515585,40.32
1567993485.526289,39.6
1567993485.537002,38.88
1567993485.547724,38.16
1567993485.558424,36.72
1567993485.569238,36.0
1567993485.579967,34.56
1567993485.59081,33.12
1567993485.601684,31.68
1567993485.612871,30.24
1567993485.623885,28.08
1567993485.634631,26.64
1567993485.645837,25.2
1567993485.656575,23.04
1567993485.667291,21.6
1567993485.678196,20.16
1567993485.689102,18.0
1567993485.699911,16.56
1567993485.710834,15.12
1567993485.72167,13.68
1567993485.732528,11.52
1567993485.743239,10.8
1567993485.75414,9.36
1567993485.764929,7.92
1567993485.775629,7.2
1567993485.786545,6.48
1567993485.797338,5.76
1567993485.808047,5.04
1567993485.818735,4.32
1567993485.82934,4.32
1567993485.840065,4.32
1567993485.850802,4.32
1567993485.861497,4.32
1567993485.872173,4.32
1567993485.882949,4.32
1567993485.893711,5.04
1567993485.904432,5.04
1567993485.915118,4.32
1567993485.925838,4.32
1567993485.93655,4.32
1567993485.947283,4.32
1567993485.957983,4.32
1567993485.968746,4.32
1567993485.979365,3.6
1567993485.990046,3.6
1567993486.000985,3.6
1567993486.0117,2.88
1567993486.02227,2.88
1567993486.032857,2.88
1567993486.043432,2.16
1567993486.053986,2.16
1567993486.064541,2.16
1567993486.075199,2.16
1567993486.08693,1.44
1567993486.097673,1.44
1567993486.108427,1.44
1567993486.119151,1.44
1567993486.129784,1.44
1567993486.140464,0.72
1567993486.151243,0.72
1567993486.162016,0.72
1567993486.172707,0.72
1567993486.183427,0.72
1567993486.194122,0.72
1567993486.204806,0.72
1567993486.215618,0.72
1567993486.226432,0.72
1567993486.237155,0.72
1567993486.247838,0.72
1567993486.258538,0.72
1567993486.269193,0.72
1567993486.279824,0.0
1567993486.291722,0.0
1567993486.303082,0.0
1567993486.313866,0.0
1567993486.32459,0.0
1567993486.335286,0.0
1567993486.345998,0.0
1567993486.356707,0.0
1567993486.367361,0.0
1567993486.378134,0.72
1567993486.388871,0.72
1567993486.399732,0.72
1567993486.410447,0.72
1567993486.421821,0.72
1567993486.433,1.44
1567993486.443679,1.44
1567993486.454322,2.16
1567993486.465763,2.16
1567993486.476526,2.88
1567993486.487259,3.6
1567993486.497997,5.04
1567993486.508993,5.76
1567993486.519716,7.2
1567993486.530933,8.64
1567993486.541649,10.8
1567993486.552304,12.96
1567993486.563239,15.12
1567993486.574281,18.0
1567993486.585033,21.6
1567993486.59597,25.2
1567993486.606583,28.8
1567993486.617432,32.4
1567993486.628195,35.28
1567993486.638865,37.44
1567993486.649541,38.88
1567993486.660305,41.04
1567993486.671352,42.48
1567993486.682338,43.2
1567993486.693073,44.64
1567993486.704338,44.64
1567993486.714986,45.36
1567993486.725732,45.36
1567993486.736466,45.36
1567993486.747189,45.36
1567993486.757845,44.64
1567993486.768566,43.92
1567993486.780003,43.2
1567993486.790862,41.76
1567993486.801565,41.04
1567993486.812205,39.6
1567993486.823312,38.16
1567993486.834053,36.72
1567993486.844791,34.56
1567993486.855483,33.12
1567993486.866179,30.96
1567993486.876943,29.52
1567993486.887797,27.36
1567993486.898665,25.92
1567993486.909434,23.76
1567993486.920642,22.32
1567993486.931661,20.88
1567993486.942424,18.72
1567993486.953192,17.28
1567993486.963935,15.84
1567993486.974921,13.68
1567993486.986419,12.24
1567993486.997595,10.8
1567993487.00836,9.36
1567993487.019177,7.92
1567993487.02983,6.48
1567993487.040572,5.76
1567993487.051274,5.04
1567993487.061977,3.6
1567993487.07364,2.88
1567993487.08449,2.16
1567993487.095349,2.16
1567993487.106131,1.44
1567993487.116917,1.44
1567993487.127737,1.44
1567993487.138577,1.44
1567993487.149426,2.16
1567993487.160201,2.16
1567993487.171144,2.16
1567993487.181999,1.44
1567993487.192923,1.44
1567993487.203791,1.44
1567993487.214517,1.44
1567993487.225324,1.44
1567993487.236119,1.44
1567993487.247003,1.44
1567993487.257751,1.44
1567993487.268427,1.44
1567993487.279361,1.44
1567993487.290179,0.72
1567993487.301083,0.72
1567993487.311896,0.72
1567993487.322691,0.72
1567993487.333493,0.72
1567993487.344248,0.72
1567993487.355006,0.72
1567993487.366078,0.72
1567993487.376926,0.72
1567993487.387768,0.0
1567993487.398552,0.0
1567993487.409462,0.72
1567993487.420383,0.72
1567993487.431695,0.72
1567993487.442559,0.72
1567993487.453436,0.72
1567993487.46411,0.72
1567993487.474914,0.72
1567993487.485671,0.0
1567993487.496418,0.0
1567993487.507185,0.0
1567993487.517938,0.0
1567993487.528681,0.0
1567993487.539454,0.0
1567993487.550184,0.0
1567993487.560955,0.0
1567993487.57175,0.0
1567993487.582493,0.0
1567993487.59338,0.0
1567993487.604113,0.0
1567993487.614816,0.0
1567993487.62558,0.0
1567993487.636364,0.0
1567993487.647165,0.0
1567993487.657898,0.0
1567993487.668665,0.0
1567993487.679328,0.0
1567993487.690329,0.0
1567993487.701244,0.0
1567993487.712114,0.0
1567993487.722929,0.72
1567993487.733697,0.72
1567993487.744444,0.72
1567993487.755223,1.44
1567993487.765953,2.16
1567993487.776756,2.88
1567993487.787671,3.6
1567993487.798433,4.32
1567993487.809171,5.76
1567993487.819973,6.48
1567993487.830792,8.64
1567993487.841634,10.08
1567993487.852531,12.24
1567993487.863348,15.12
1567993487.874098,18.0
1567993487.884699,22.32
1567993487.895487,26.64
1567993487.906213,30.96
1567993487.91697,34.56
1567993487.927744,38.16
1567993487.938469,41.04
1567993487.949419,43.2
1567993487.960218,45.36
1567993487.971107,46.8
1567993487.981798,48.24
1567993487.992523,48.96
1567993488.00324,49.68
1567993488.013956,50.4
1567993488.024629,50.4
1567993488.035346,50.4
1567993488.046156,50.4
1567993488.057004,49.68
1567993488.06788,48.96
1567993488.078572,48.24
1567993488.089195,46.8
1567993488.100061,46.08
1567993488.111196,44.64
1567993488.121932,43.2
1567993488.132626,41.76
1567993488.143315,39.6
1567993488.153996,38.16
1567993488.164848,36.0
1567993488.175559,33.84
1567993488.18639,31.68
1567993488.197306,29.52
1567993488.208061,27.36
1567993488.218945,25.2
1567993488.229609,23.04
1567993488.240207,20.88
1567993488.250869,18.72
1567993488.261609,16.56
1567993488.272329,14.4
1567993488.283167,12.24
1567993488.293941,10.8
1567993488.304616,9.36
1567993488.315318,7.2
1567993488.326001,5.76
1567993488.336633,4.32
1567993488.347453,2.88
1567993488.358191,2.16
1567993488.368906,0.72
1567993488.379602,0.0
1567993488.390369,0.0
1567993488.401513,0.0
1567993488.412447,0.0
1567993488.423524,0.72
1567993488.434278,0.72
1567993488.444959,0.72
1567993488.455662,0.0
1567993488.466418,0.0
1567993488.477344,-0.72
1567993488.487986,0.0
1567993488.49861,0.0
1567993488.509429,0.72
1567993488.520295,0.72
1567993488.531115,1.44
1567993488.541788,1.44
1567993488.552498,0.72
1567993488.563164,0.72
1567993488.573861,0.72
1567993488.584721,0.0
1567993488.595372,0.0
1567993488.6061,0.0
1567993488.61698,0.0
1567993488.627713,0.0
1567993488.638571,0.0
1567993488.649426,-0.72
1567993488.660224,-0.72
1567993488.671285,-0.72
1567993488.682197,-0.72
1567993488.692934,-0.72
1567993488.703611,-0.72
1567993488.714256,-0.72
1567993488.725013,-0.72
1567993488.735705,-0.72
1567993488.746441,-0.72
1567993488.757222,-0.72
1567993488.767936,-0.72
1567993488.77866,-0.72
1567993488.789453,-0.72
1567993488.800274,-0.72
1567993488.811115,-0.72
1567993488.821841,-0.72
1567993488.832512,-0.72
1567993488.843119,-0.72
1567993488.853756,-0.72
1567993488.864651,-0.72
1567993488.875401,-0.72
1567993488.886373,-0.72
1567993488.897261,-0.72
1567993488.908052,-0.72
1567993488.918774,-0.72
1567993488.929533,-0.72
1567993488.940266,-0.72
1567993488.95105,-0.72
1567993488.961696,-0.72
1567993488.972392,-0.72
1567993488.983085,0.0
1567993488.993788,0.0
1567993489.004614,0.72
1567993489.015379,1.44
1567993489.026097,1.44
1567993489.036953,2.16
1567993489.047695,2.88
1567993489.058491,4.32
1567993489.069375,5.04
1567993489.080054,7.2
1567993489.090825,8.64
1567993489.101807,10.08
1567993489.112547,12.24
1567993489.123343,15.12
1567993489.134165,18.72
1567993489.144818,22.32
1567993489.155592,25.92
1567993489.166301,30.24
1567993489.177,33.84
1567993489.187715,37.44
1567993489.198367,40.32
1567993489.209099,42.48
1567993489.219838,43.92
1567993489.230746,45.36
1567993489.241465,46.8
1567993489.252396,47.52
1567993489.263063,48.24
1567993489.273914,48.96
1567993489.284638,49.68
1567993489.295387,49.68
1567993489.30617,48.96
1567993489.31707,48.96
1567993489.327802,48.24
1567993489.338496,47.52
1567993489.34922,46.8
1567993489.35998,45.36
1567993489.371028,43.92
1567993489.381811,42.48
1567993489.392735,40.32
1567993489.40346,38.16
1567993489.414067,36.0
1567993489.424759,33.84
1567993489.435624,31.68
1567993489.44658,28.8
1567993489.457311,26.64
1567993489.467892,24.48
1567993489.478424,22.32
1567993489.488957,20.16
1567993489.499539,18.0
1567993489.51018,15.84
1567993489.521163,13.68
1567993489.532165,11.52
1567993489.542993,9.36
1567993489.553611,7.92
1567993489.564194,5.76
1567993489.574885,4.32
1567993489.585744,3.6
1567993489.596514,2.16
1567993489.607305,1.44
1567993489.618021,0.72
1567993489.628884,0.72
1567993489.639563,0.72
1567993489.650185,1.44
1567993489.660999,1.44
1567993489.671771,2.16
1567993489.682598,2.16
1567993489.69333,1.44
1567993489.704093,1.44
1567993489.714872,1.44
1567993489.725613,1.44
1567993489.736398,1.44
1567993489.747265,2.16
1567993489.757978,2.88
1567993489.768721,2.88
1567993489.77942,2.88
1567993489.790023,2.88
1567993489.801083,2.88
1567993489.811959,2.88
1567993489.822734,2.88
1567993489.833438,2.16
1567993489.844189,2.16
1567993489.854918,2.16
1567993489.865588,2.16
1567993489.877067,1.44
1567993489.888104,1.44
1567993489.898852,1.44
1567993489.910181,1.44
1567993489.920886,1.44
1567993489.932294,1.44
1567993489.943104,1.44
1567993489.953866,1.44
1567993489.965219,1.44
1567993489.976417,1.44
1567993489.987158,1.44
1567993489.997944,1.44
1567993490.008746,1.44
1567993490.019474,1.44
1567993490.030244,1.44
1567993490.041076,1.44
1567993490.051987,1.44
1567993490.062784,1.44
1567993490.073539,1.44
1567993490.08441,1.44
1567993490.095191,1.44
1567993490.105959,0.72
1567993490.116686,0.72
1567993490.127348,0.72
1567993490.13814,0.72
1567993490.148956,0.72
1567993490.160061,0.72
1567993490.171385,0.72
1567993490.182232,0.72
1567993490.192952,0.72
1567993490.203562,1.44
1567993490.214936,1.44
1567993490.225663,1.44
1567993490.236521,2.16
1567993490.247269,2.88
1567993490.257918,3.6
1567993490.268517,4.32
1567993490.279237,5.04
1567993490.290463,6.48
1567993490.301316,7.92
1567993490.312172,9.36
1567993490.322765,10.08
1567993490.333466,12.24
1567993490.344158,14.4
1567993490.354959,16.56
1567993490.365576,19.44
1567993490.376294,23.76
1567993490.387018,27.36
1567993490.397878,31.68
1567993490.40856,36.0
1567993490.419439,39.6
1567993490.430213,43.2
1567993490.441093,45.36
1567993490.451762,47.52
1567993490.462539,48.96
1567993490.4732,50.4
1567993490.483939,51.12
1567993490.494819,51.84
1567993490.505669,51.12
1567993490.516372,51.12
1567993490.527113,50.4
1567993490.537784,49.68
1567993490.548389,48.24
1567993490.559146,47.52
1567993490.570039,46.08
1567993490.580801,44.64
1567993490.591682,43.2
1567993490.602778,41.04
1567993490.61375,38.88
1567993490.624532,37.44
1567993490.635278,35.28
1567993490.646044,33.12
1567993490.657056,30.24
1567993490.667755,28.08
1567993490.678349,25.92
1567993490.689073,23.76
1567993490.699934,20.88
1567993490.710681,18.72
1567993490.721361,16.56
1567993490.732093,15.12
1567993490.742828,12.96
1567993490.753767,10.8
1567993490.764511,9.36
1567993490.775146,7.92
1567993490.785856,6.48
1567993490.796556,5.04
1567993490.807274,3.6
1567993490.817968,2.88
1567993490.828882,2.88
1567993490.839526,2.88
1567993490.850068,2.88
1567993490.860825,3.6
1567993490.871678,4.32
1567993490.882368,4.32
1567993490.89305,3.6
1567993490.903637,2.88
1567993490.914502,2.88
1567993490.925173,2.88
1567993490.935844,2.88
1567993490.946538,3.6
1567993490.957222,3.6
1567993490.967911,4.32
1567993490.978669,4.32
1567993490.989447,4.32
1567993491.000145,4.32
1567993491.010878,4.32
1567993491.021511,4.32
1567993491.032204,4.32
1567993491.042906,4.32
1567993491.053605,4.32
1567993491.064239,4.32
1567993491.074924,4.32
1567993491.085603,4.32
1567993491.096336,4.32
1567993491.107171,4.32
1567993491.117892,3.6
1567993491.128789,3.6
1567993491.139688,3.6
1567993491.150385,3.6
1567993491.161099,2.88
1567993491.171795,2.88
1567993491.182607,2.88
1567993491.193516,2.88
1567993491.204383,2.16
1567993491.215054,2.16
1567993491.22575,2.16
1567993491.236623,1.44
1567993491.247331,1.44
1567993491.257982,1.44
1567993491.268912,1.44
1567993491.279937,1.44
1567993491.290836,1.44
1567993491.301397,1.44
1567993491.311985,0.72
1567993491.322936,0.72
1567993491.333668,0.72
1567993491.344407,1.44
1567993491.355108,1.44
1567993491.36565,1.44
1567993491.376375,1.44
1567993491.387265,1.44
1567993491.39796,1.44
1567993491.408691,2.16
1567993491.419457,2.16
1567993491.430035,2.88
1567993491.441345,3.6
1567993491.452019,3.6
1567993491.462572,4.32
1567993491.473114,5.76
1567993491.484138,6.48
1567993491.49486,7.92
1567993491.505595,8.64
1567993491.516376,10.08
1567993491.527207,11.52
1567993491.538169,12.96
1567993491.549023,15.12
1567993491.559651,18.0
1567993491.570422,21.6
1567993491.581369,25.2
1567993491.592235,28.8
1567993491.602955,32.4
1567993491.613675,36.0
1567993491.625702,38.88
1567993491.636617,41.76
1567993491.647323,43.92
1567993491.658205,45.36
1567993491.668915,46.8
1567993491.679855,47.52
1567993491.690457,48.24
1567993491.701512,48.96
1567993491.712239,48.96
1567993491.723053,48.96
1567993491.733738,48.24
1567993491.744798,48.24
1567993491.755809,46.8
1567993491.766505,46.08
1567993491.777196,44.64
1567993491.787858,43.92
1567993491.798747,42.48
1567993491.809562,40.32
1567993491.820424,38.88
1567993491.831349,36.72
1567993491.84209,34.56
1567993491.852835,32.4
1567993491.863654,30.24
1567993491.87441,28.08
1567993491.885344,25.92
1567993491.896254,23.04
1567993491.907011,20.88
1567993491.917805,18.72
1567993491.928603,16.56
1567993491.939533,14.4
1567993491.950346,12.24
1567993491.961517,10.8
1567993491.972266,8.64
1567993491.983091,7.2
1567993491.994372,5.76
1567993492.005151,3.6
1567993492.015831,2.88
1567993492.026635,1.44
1567993492.037354,1.44
1567993492.048047,0.72
1567993492.058767,0.72
1567993492.069402,0.72
1567993492.08024,1.44
1567993492.091097,1.44
1567993492.101993,2.16
1567993492.113022,2.88
1567993492.124016,2.88
1567993492.134673,2.16
1567993492.145306,1.44
1567993492.155922,1.44
1567993492.166635,2.16
1567993492.177438,2.16
1567993492.18805,2.16
1567993492.198872,2.88
1567993492.20961,2.88
1567993492.220421,2.88
1567993492.231268,3.6
1567993492.242199,4.32
1567993492.252956,4.32
1567993492.263653,4.32
1567993492.274334,4.32
1567993492.284956,4.32
1567993492.295676,4.32
1567993492.306518,4.32
1567993492.317198,4.32
1567993492.327856,4.32
1567993492.338445,4.32
1567993492.349254,3.6
1567993492.359949,3.6
1567993492.370672,3.6
1567993492.381318,3.6
1567993492.391922,2.88
1567993492.402605,2.88
1567993492.413337,2.88
1567993492.424063,2.16
1567993492.434891,2.16
1567993492.445576,2.16
1567993492.456297,2.16
1567993492.467004,2.16
1567993492.477785,1.44
1567993492.488363,1.44
1567993492.499189,1.44
1567993492.509957,1.44
1567993492.52069,1.44
1567993492.531547,1.44
1567993492.542255,1.44
1567993492.552991,0.72
1567993492.563747,0.72
1567993492.574467,0.72
1567993492.585409,1.44
1567993492.596141,1.44
1567993492.60685,1.44
1567993492.617571,0.72
1567993492.628261,1.44
1567993492.63905,1.44
1567993492.64996,2.16
1567993492.660764,2.88
1567993492.671659,3.6
1567993492.682365,4.32
1567993492.693359,5.76
1567993492.704019,6.48
1567993492.714729,7.92
1567993492.725574,9.36
1567993492.736482,11.52
1567993492.74738,12.96
1567993492.758112,15.12
1567993492.769079,18.0
1567993492.779861,21.6
1567993492.790592,25.92
1567993492.801247,30.96
1567993492.812095,36.0
1567993492.822786,39.6
1567993492.833483,43.92
1567993492.84416,46.8
1567993492.854899,48.96
1567993492.865582,51.12
1567993492.876273,52.56
1567993492.886943,54.0
1567993492.897556,54.72
1567993492.908262,54.72
1567993492.919012,54.72
1567993492.929729,54.0
1567993492.940386,54.0
1567993492.951274,53.28
1567993492.962012,51.84
1567993492.972723,50.4
1567993492.983627,48.96
1567993492.994353,47.52
1567993493.005042,45.36
1567993493.015763,43.2
1567993493.026476,41.04
1567993493.037145,38.16
1567993493.048083,36.0
1567993493.059005,33.12
1567993493.069753,30.24
1567993493.080458,28.08
1567993493.091221,25.92
1567993493.102085,23.76
1567993493.112787,21.6
1567993493.123517,19.44
1567993493.134241,16.56
1567993493.144967,14.4
1567993493.155763,12.24
1567993493.166409,10.08
1567993493.17696,7.92
1567993493.187526,6.48
1567993493.198262,4.32
1567993493.209015,2.88
1567993493.219911,1.44
1567993493.230697,0.72
1567993493.241384,0.0
1567993493.252039,0.72
1567993493.262616,0.72
1567993493.273302,0.72
1567993493.284134,1.44
1567993493.295179,2.16
1567993493.306093,1.44
1567993493.316815,0.72
1567993493.327528,2.16
1567993493.338467,2.88
1567993493.349486,3.6
1567993493.360108,4.32
1567993493.371921,4.32
1567993493.382703,5.04
1567993493.393432,5.04
1567993493.404146,5.76
1567993493.414814,5.76
1567993493.425539,5.76
1567993493.436356,5.76
1567993493.447061,5.76
1567993493.457705,5.76
1567993493.468408,5.76
1567993493.479126,5.76
1567993493.489794,5.76
1567993493.500491,5.76
1567993493.511333,5.04
1567993493.52211,5.04
1567993493.532808,5.04
1567993493.54348,4.32
1567993493.554181,4.32
1567993493.564827,4.32
1567993493.575532,3.6
1567993493.586234,2.16
1567993493.596946,1.44
1567993493.607645,1.44
1567993493.618394,1.44
1567993493.629094,1.44
1567993493.639758,1.44
1567993493.650438,0.72
1567993493.661201,0.72
1567993493.671934,0.72
1567993493.68263,0.72
1567993493.693448,0.72
1567993493.704144,0.72
1567993493.714782,0.72
1567993493.725512,0.72
1567993493.736222,0.72
1567993493.74693,0.72
1567993493.757625,0.72
1567993493.768336,1.44
1567993493.779049,1.44
1567993493.789717,2.16
1567993493.800384,2.88
1567993493.81107,3.6
1567993493.821816,4.32
1567993493.832501,5.04
1567993493.843279,6.48
1567993493.853973,7.92
1567993493.864624,9.36
1567993493.875364,10.8
1567993493.886088,12.96
1567993493.896779,14.4
1567993493.907517,17.28
1567993493.918262,20.88
1567993493.929,25.2
1567993493.939712,30.24
1567993493.95037,34.56
1567993493.961099,39.6
1567993493.97182,43.2
1567993493.982531,46.08
1567993493.993372,48.96
1567993494.004088,51.12
1567993494.014699,52.56
1567993494.025383,54.0
1567993494.036169,54.72
1567993494.046889,55.44
1567993494.057636,55.44
1567993494.068375,55.44
1567993494.079168,54.72
1567993494.089887,53.28
1567993494.100604,52.56
1567993494.111305,51.12
1567993494.122197,49.68
1567993494.132854,47.52
1567993494.143414,46.08
1567993494.153961,43.92
1567993494.164754,41.04
1567993494.175477,38.88
1567993494.186183,36.0
1567993494.196971,33.12
1567993494.207735,30.96
1567993494.218548,29.52
1567993494.229277,26.64
1567993494.239984,24.48
1567993494.250774,21.6
1567993494.261391,19.44
1567993494.272215,16.56
1567993494.282985,14.4
1567993494.293843,11.52
1567993494.304556,9.36
1567993494.315212,7.2
1567993494.325966,5.04
1567993494.336826,2.88
1567993494.347595,1.44
1567993494.358838,0.0
1567993494.369706,-0.72
1567993494.380492,0.0
1567993494.391285,0.72
1567993494.401894,0.72
1567993494.412768,1.44
1567993494.423488,2.16
1567993494.434154,2.16
1567993494.444784,2.88
1567993494.455327,2.88
1567993494.465997,2.88
1567993494.476733,3.6
1567993494.487423,3.6
1567993494.498441,4.32
1567993494.509254,5.04
1567993494.519972,5.04
1567993494.530729,5.04
1567993494.541406,5.76
1567993494.552107,5.76
1567993494.562858,5.76
1567993494.573561,5.76
1567993494.584229,5.76
1567993494.594942,5.04
1567993494.605694,5.04
1567993494.616432,5.04
1567993494.627121,4.32
1567993494.637722,4.32
1567993494.648388,3.6
1567993494.659025,3.6
1567993494.669663,2.88
1567993494.680771,2.16
1567993494.691721,0.72
1567993494.70242,0.72
1567993494.713076,0.0
1567993494.72378,0.0
1567993494.734691,0.0
1567993494.745695,-0.72
1567993494.756665,-0.72
1567993494.767456,-0.72
1567993494.778165,-0.72
1567993494.78902,-1.44
1567993494.799798,-1.44
1567993494.810674,-1.44
1567993494.821642,-2.16
1567993494.832375,-2.16
1567993494.843105,-2.16
1567993494.853863,-2.16
1567993494.86497,-2.16
1567993494.876856,-2.16
1567993494.887534,-2.16
1567993494.898619,-2.16
1567993494.909361,-1.44
1567993494.920154,-1.44
1567993494.931471,-0.72
1567993494.942231,-0.72
1567993494.952881,0.0
1567993494.963547,0.72
1567993494.974453,2.16
1567993494.985196,2.88
1567993494.995937,4.32
1567993495.006603,5.76
1567993495.017346,7.92
1567993495.028074,10.8
1567993495.038759,12.24
1567993495.049458,15.12
1567993495.060099,18.72
1567993495.070866,22.32
1567993495.081674,26.64
1567993495.092397,30.96
1567993495.103966,36.0
1567993495.114627,40.32
1567993495.12544,43.92
1567993495.136218,47.52
1567993495.146936,50.4
1567993495.159145,52.56
1567993495.170385,54.0
1567993495.181454,55.44
1567993495.192189,55.44
1567993495.202914,56.16
1567993495.213589,56.16
1567993495.224244,55.44
1567993495.234981,54.72
1567993495.246049,53.28
1567993495.256795,52.56
1567993495.267471,51.12
1567993495.27837,48.96
1567993495.289807,46.8
1567993495.300987,44.64
1567993495.311832,42.48
1567993495.322529,39.6
1567993495.333149,37.44
1567993495.343902,34.56
1567993495.354622,31.68
1567993495.365337,30.24
1567993495.376017,28.08
1567993495.386719,25.92
1567993495.39752,23.04
1567993495.408278,20.16
1567993495.41917,18.0
1567993495.43007,15.12
1567993495.440926,12.96
1567993495.451658,10.8
1567993495.462393,8.64
1567993495.473138,6.48
1567993495.483817,4.32
1567993495.494737,2.88
1567993495.505826,2.16
1567993495.516623,1.44
1567993495.527372,1.44
1567993495.537994,1.44
1567993495.548679,0.72
1567993495.559403,1.44
1567993495.570422,2.16
1567993495.58124,2.16
1567993495.592308,2.88
1567993495.603039,3.6
1567993495.613865,3.6
1567993495.624713,3.6
1567993495.635482,3.6
1567993495.646324,3.6
1567993495.657106,4.32
1567993495.667849,5.04
1567993495.678772,5.04
1567993495.689452,5.04
1567993495.700088,5.76
1567993495.710992,5.76
1567993495.722004,5.76
1567993495.732876,5.76
1567993495.743717,5.04
1567993495.754436,5.04
1567993495.765094,5.04
1567993495.776027,5.04
1567993495.786849,5.04
1567993495.797576,5.04
1567993495.808299,4.32
1567993495.819171,4.32
1567993495.830038,4.32
1567993495.840996,3.6
1567993495.851876,3.6
1567993495.862677,3.6
1567993495.873361,2.88
1567993495.884105,2.88
1567993495.894974,2.88
1567993495.905676,2.88
1567993495.91639,2.88
1567993495.927517,2.16
1567993495.93849,2.16
1567993495.949183,2.16
1567993495.95981,1.44
1567993495.970498,1.44
1567993495.981369,1.44
1567993495.992162,0.72
1567993496.002992,0.72
1567993496.013982,0.72
1567993496.024793,1.44
1567993496.035613,1.44
1567993496.04659,2.16
1567993496.057729,2.16
1567993496.068752,2.16
1567993496.079461,2.16
1567993496.090195,2.88
1567993496.101082,2.88
1567993496.112452,3.6
1567993496.123518,4.32
1567993496.13431,5.76
1567993496.145343,6.48
1567993496.156128,7.92
1567993496.167026,10.08
1567993496.177935,12.24
1567993496.189524,15.12
1567993496.201189,18.0
1567993496.211925,21.6
1567993496.222547,25.2
1567993496.23359,30.24
1567993496.244342,34.56
1567993496.255379,39.6
1567993496.266092,43.92
1567993496.276795,47.52
1567993496.287574,50.4
1567993496.298353,52.56
1567993496.309139,54.72
1567993496.31972,55.44
1567993496.331333,56.88
1567993496.342059,56.88
1567993496.352762,56.88
1567993496.363462,56.88
1567993496.374071,56.16
1567993496.384713,55.44
1567993496.395291,54.0
1567993496.406255,52.56
1567993496.416974,51.12
1567993496.427565,48.96
1567993496.438269,46.8
1567993496.448845,44.64
1567993496.459785,41.76
1567993496.470693,38.88
1567993496.481554,36.0
1567993496.492281,33.84
1567993496.502986,31.68
1567993496.513902,28.8
1567993496.524908,25.92
1567993496.536158,23.04
1567993496.547074,20.16
1567993496.557809,17.28
1567993496.568682,15.12
1567993496.579326,12.96
1567993496.590124,10.8
1567993496.601031,7.92
1567993496.611866,5.76
1567993496.622603,4.32
1567993496.633245,2.88
1567993496.644157,1.44
1567993496.655323,0.0
1567993496.666164,0.72
1567993496.676883,1.44
1567993496.687862,1.44
1567993496.698574,2.16
1567993496.709364,2.88
1567993496.720121,2.88
1567993496.731869,3.6
1567993496.743014,3.6
1567993496.753729,3.6
1567993496.764433,4.32
1567993496.775148,5.04
1567993496.785841,5.76
1567993496.796635,6.48
1567993496.807584,6.48
1567993496.81884,6.48
1567993496.829582,7.2
1567993496.84034,7.2
1567993496.851274,7.2
1567993496.862217,6.48
1567993496.87293,6.48
1567993496.883558,6.48
1567993496.894287,6.48
1567993496.905009,6.48
1567993496.915804,6.48
1567993496.926695,5.76
1567993496.937324,5.76
1567993496.948041,5.04
1567993496.958773,5.04
1567993496.969497,5.04
1567993496.980281,4.32
1567993496.99117,4.32
1567993497.001886,4.32
1567993497.012585,3.6
1567993497.023342,3.6
1567993497.034289,3.6
1567993497.045346,3.6
1567993497.05612,3.6
1567993497.066828,2.88
1567993497.077525,2.88
1567993497.088384,2.88
1567993497.099164,2.88
1567993497.109877,2.88
1567993497.121128,2.88
1567993497.132194,2.88
1567993497.14293,1.44
1567993497.153611,1.44
1567993497.16427,2.16
1567993497.175001,2.16
1567993497.185701,2.88
1567993497.196432,2.88
1567993497.207063,3.6
1567993497.217777,3.6
1567993497.22851,4.32
1567993497.23924,5.04
1567993497.249911,5.76
1567993497.260716,6.48
1567993497.271514,7.2
1567993497.282281,9.36
1567993497.293081,10.8
1567993497.303672,12.96
1567993497.314313,14.4
1567993497.324922,17.28
1567993497.335554,20.88
1567993497.346302,25.2
1567993497.357038,29.52
1567993497.367773,34.56
1567993497.378483,39.6
1567993497.389134,43.2
1567993497.399772,46.8
1567993497.410467,48.96
1567993497.42137,51.84
1567993497.432139,53.28
1567993497.442807,54.72
1567993497.453364,56.16
1567993497.464071,56.16
1567993497.474766,56.16
1567993497.485868,56.16
1567993497.496662,55.44
1567993497.50743,54.72
1567993497.518197,53.28
1567993497.528901,51.84
1567993497.539546,50.4
1567993497.550216,48.96
1567993497.561076,46.8
1567993497.571834,44.64
1567993497.582578,42.48
1567993497.593348,39.6
1567993497.603956,37.44
1567993497.614654,34.56
1567993497.62538,31.68
1567993497.636097,28.8
1567993497.646759,26.64
1567993497.657532,24.48
1567993497.668288,23.04
1567993497.679017,20.16
1567993497.689701,18.0
1567993497.700325,15.84
1567993497.71116,13.68
1567993497.721907,11.52
1567993497.732599,9.36
1567993497.743322,7.2
1567993497.754001,5.76
1567993497.764765,4.32
1567993497.775518,2.88
1567993497.786278,2.16
1567993497.796945,2.88
1567993497.807715,1.44
1567993497.818406,2.16
1567993497.829082,2.88
1567993497.839787,2.88
1567993497.850384,2.88
1567993497.861227,3.6
1567993497.871933,2.88
1567993497.882617,3.6
1567993497.893314,3.6
1567993497.903889,4.32
1567993497.914553,5.04
1567993497.925105,5.76
1567993497.935723,5.76
1567993497.946449,5.76
1567993497.957183,5.76
1567993497.967895,5.76
1567993497.978584,5.76
1567993497.989282,5.76
1567993497.999921,5.76
1567993498.010808,5.76
1567993498.021518,5.76
1567993498.032339,5.76
1567993498.043072,5.76
1567993498.053716,5.04
1567993498.064329,5.04
1567993498.075052,5.04
1567993498.08566,5.04
1567993498.096395,4.32
1567993498.107068,4.32
1567993498.117669,4.32
1567993498.128247,3.6
1567993498.138847,3.6
1567993498.149488,2.88
1567993498.160224,1.44
1567993498.171433,1.44
1567993498.18213,0.72
1567993498.192811,0.72
1567993498.203473,0.0
1567993498.214203,0.0
1567993498.224867,0.0
1567993498.23544,-0.72
1567993498.246093,-0.72
1567993498.256713,-0.72
1567993498.267301,-0.72
1567993498.278013,-1.44
1567993498.288696,-1.44
1567993498.299305,-0.72
1567993498.310012,-0.72
1567993498.320848,-0.72
1567993498.331467,0.0
1567993498.342119,0.0
1567993498.352768,0.72
1567993498.363548,1.44
1567993498.374241,2.16
1567993498.384922,2.88
1567993498.395653,4.32
1567993498.406372,5.76
1567993498.417088,7.92
1567993498.427747,10.08
1567993498.438355,12.96
1567993498.449001,15.84
1567993498.459793,18.72
1567993498.470639,23.04
1567993498.481361,26.64
1567993498.492005,30.96
1567993498.502577,35.28
1567993498.513265,39.6
1567993498.523939,43.2
1567993498.534563,46.08
1567993498.545254,48.24
1567993498.555934,49.68
1567993498.566662,51.12
1567993498.577326,51.84
1567993498.587929,52.56
1567993498.598649,52.56
1567993498.60943,51.84
1567993498.620149,51.84
1567993498.630837,51.12
1567993498.641519,50.4
1567993498.652158,48.96
1567993498.662899,48.24
1567993498.673525,46.8
1567993498.684213,44.64
1567993498.694934,43.2
1567993498.706417,41.04
1567993498.717174,38.88
1567993498.727883,36.0
1567993498.738543,33.84
1567993498.749275,30.96
1567993498.760144,29.52
1567993498.771202,27.36
1567993498.782017,24.48
1567993498.792764,22.32
1567993498.803504,19.44
1567993498.814221,17.28
1567993498.824844,14.4
1567993498.835516,12.24
1567993498.846131,10.08
1567993498.856738,8.64
1567993498.867373,6.48
1567993498.877933,4.32
1567993498.888736,2.88
1567993498.899844,1.44
1567993498.911136,0.0
1567993498.921893,-0.72
1567993498.932522,0.0
1567993498.943263,0.72
1567993498.954376,1.44
1567993498.965092,1.44
1567993498.975786,2.16
1567993498.986484,2.16
1567993498.997246,1.44
1567993499.008031,1.44
1567993499.01901,2.16
1567993499.029754,2.88
1567993499.040421,3.6
1567993499.051399,3.6
1567993499.062122,4.32
1567993499.072913,4.32
1567993499.083601,5.04
1567993499.094329,5.76
1567993499.105045,5.76
1567993499.115752,6.48
1567993499.126479,6.48
1567993499.137097,5.76
1567993499.147897,5.76
1567993499.158616,5.76
1567993499.169332,5.04
1567993499.180016,5.04
1567993499.190627,5.04
1567993499.201448,4.32
1567993499.212356,4.32
1567993499.223132,4.32
1567993499.233693,3.6
1567993499.244377,3.6
1567993499.255099,2.88
1567993499.265996,2.16
1567993499.276678,1.44
1567993499.28745,1.44
1567993499.298777,0.72
1567993499.309634,0.72
1567993499.320372,0.72
1567993499.331287,0.0
1567993499.342502,0.0
1567993499.353073,-0.72
1567993499.363671,-0.72
1567993499.374253,-0.72
1567993499.384923,-1.44
1567993499.39599,-1.44
1567993499.406796,-1.44
1567993499.417541,-1.44
1567993499.428377,-1.44
1567993499.439196,-1.44
1567993499.449957,-1.44
1567993499.460864,-1.44
1567993499.47176,-0.72
1567993499.482527,-0.72
1567993499.493547,0.0
1567993499.504233,0.72
1567993499.514963,1.44
1567993499.526325,2.16
1567993499.537054,2.88
1567993499.547706,3.6
1567993499.558542,5.04
1567993499.569254,5.76
1567993499.579932,7.92
1567993499.590658,10.08
1567993499.601309,11.52
1567993499.612004,13.68
1567993499.622883,16.56
1567993499.633947,20.16
1567993499.644671,23.76
1567993499.655395,27.36
1567993499.666267,30.96
1567993499.676992,33.84
1567993499.687693,36.72
1567993499.698338,39.6
1567993499.708967,41.04
1567993499.71965,43.2
1567993499.730319,44.64
1567993499.74135,46.08
1567993499.752059,46.8
1567993499.762738,47.52
1567993499.773605,48.24
1567993499.784613,48.96
1567993499.795346,48.96
1567993499.809011,48.96
1567993499.820676,48.24
1567993499.831462,47.52
1567993499.843017,46.8
1567993499.854139,46.08
1567993499.864936,44.64
1567993499.87576,43.2
1567993499.886497,41.76
1567993499.897461,39.6
1567993499.908257,37.44
1567993499.919013,36.0
1567993499.929895,33.84
1567993499.940883,31.68
1567993499.955759,28.8
1567993499.966532,26.64
1567993499.977293,24.48
1567993499.987928,23.04
1567993499.998645,20.88
1567993500.009353,18.72
1567993500.020115,16.56
1567993500.031259,15.12
1567993500.042292,12.96
1567993500.053155,11.52
1567993500.063859,9.36
1567993500.074626,7.92
1567993500.085448,6.48
1567993500.096214,5.04
1567993500.108327,3.6
1567993500.119108,2.16
1567993500.129919,1.44
1567993500.14097,0.72
1567993500.15194,0.72
1567993500.162619,0.72
1567993500.173317,1.44
1567993500.184099,1.44
1567993500.195094,2.16
1567993500.205964,2.16
1567993500.216735,2.16
1567993500.227442,1.44
1567993500.238198,1.44
1567993500.249003,1.44
1567993500.259769,2.16
1567993500.270463,2.16
1567993500.281362,2.88
1567993500.292158,2.88
1567993500.302966,3.6
1567993500.313821,4.32
1567993500.324592,4.32
1567993500.335351,4.32
1567993500.346135,4.32
1567993500.356911,4.32
1567993500.367652,4.32
1567993500.378281,4.32
1567993500.388979,4.32
1567993500.399741,4.32
1567993500.410709,4.32
1567993500.421551,3.6
1567993500.432153,3.6
1567993500.442842,3.6
1567993500.453747,3.6
1567993500.464582,3.6
1567993500.475407,2.88
1567993500.486373,2.88
1567993500.497734,2.88
1567993500.508552,2.88
1567993500.519293,2.88
1567993500.529977,2.88
1567993500.541185,2.88
1567993500.551915,2.88
1567993500.562673,2.16
1567993500.573456,2.16
1567993500.584116,2.16
1567993500.594943,2.16
1567993500.605694,2.16
1567993500.616688,2.16
1567993500.627498,2.16
1567993500.638307,2.16
1567993500.649931,2.16
1567993500.660841,2.16
1567993500.67163,1.44
1567993500.682443,1.44
1567993500.693248,1.44
1567993500.704033,1.44
1567993500.715076,1.44
1567993500.725819,1.44
1567993500.73658,0.72
1567993500.747477,0.72
1567993500.758249,0.0
1567993500.769073,0.0
1567993500.779798,0.0
1567993500.79046,-0.72
1567993500.801429,-0.72
1567993500.812271,0.0
1567993500.822973,0.0
1567993500.833928,0.0
1567993500.844741,0.72
1567993500.855504,2.16
1567993500.866266,2.88
1567993500.87712,4.32
1567993500.88805,5.04
1567993500.898837,6.48
1567993500.909656,7.92
1567993500.920308,8.64
1567993500.931145,9.36
1567993500.941905,10.08
1567993500.952714,10.8
1567993500.963701,12.24
1567993500.974543,12.96
1567993500.985274,13.68
1567993500.995953,15.12
1567993501.006758,15.84
1567993501.017817,16.56
1567993501.028732,17.28
1567993501.039501,18.0
1567993501.050394,18.72
1567993501.061378,19.44
1567993501.072207,19.44
1567993501.082949,20.16
1567993501.093814,20.16
1567993501.104716,20.16
1567993501.11554,20.16
1567993501.126282,20.16
1567993501.13723,19.44
1567993501.14893,18.72
1567993501.159724,18.0
1567993501.170927,17.28
1567993501.181562,16.56
1567993501.192183,15.84
1567993501.202862,15.12
1567993501.213491,14.4
1567993501.224333,12.96
1567993501.235571,12.24
1567993501.246383,11.52
1567993501.257938,10.08
1567993501.268794,9.36
1567993501.279798,7.92
1567993501.29066,7.2
1567993501.301426,6.48
1567993501.312189,5.76
1567993501.322953,5.04
1567993501.333664,4.32
1567993501.344497,4.32
1567993501.355716,5.04
1567993501.366438,5.04
1567993501.377068,5.04
1567993501.387849,4.32
1567993501.398597,3.6
1567993501.409314,2.88
1567993501.419945,2.88
1567993501.430789,2.16
1567993501.441529,1.44
1567993501.452475,1.44
1567993501.463424,0.72
1567993501.474115,0.72
1567993501.485022,0.72
1567993501.495739,0.0
1567993501.506383,0.0
1567993501.51796,0.0
1567993501.529065,0.0
1567993501.539661,0.0
1567993501.550358,0.0
1567993501.561235,0.0
1567993501.571896,0.0
1567993501.582811,0.0
1567993501.593559,0.0
1567993501.604269,0.0
1567993501.614949,0.0
1567993501.625624,0.0
1567993501.636303,-0.72
1567993501.646995,-0.72
1567993501.657676,-0.72
1567993501.668383,-0.72
1567993501.679015,-0.72
1567993501.689699,-0.72
1567993501.700386,-0.72
1567993501.711209,-0.72
1567993501.721813,-0.72
1567993501.732544,-0.72
1567993501.743244,-0.72
1567993501.753923,-0.72
1567993501.764842,-0.72
1567993501.775584,-0.72
1567993501.786368,-0.72
1567993501.797076,-0.72
1567993501.807713,-0.72
1567993501.818369,-0.72
1567993501.829091,-0.72
1567993501.839741,-0.72
1567993501.850378,-0.72
1567993501.861368,-0.72
1567993501.872061,-0.72
1567993501.88321,-0.72
1567993501.893952,-0.72
1567993501.904652,-0.72
1567993501.915387,-0.72
1567993501.926308,-0.72
1567993501.937152,-0.72
1567993501.947912,-0.72
1567993501.95857,-0.72
1567993501.969553,-0.72
1567993501.98094,-0.72
1567993501.991686,-0.72
1567993502.00263,-0.72
1567993502.013288,-0.72
1567993502.023984,-0.72
1567993502.034731,-0.72
1567993502.045563,-0.72
1567993502.056514,-0.72
1567993502.067256,-0.72
1567993502.078448,-0.72
1567993502.089465,-0.72
1567993502.100169,-0.72
1567993502.111332,-0.72
1567993502.122587,-0.72
1567993502.133448,-0.72
1567993502.144158,-0.72
1567993502.154867,-0.72
1567993502.165573,-0.72
1567993502.176226,-0.72
1567993502.18687,-0.72
1567993502.197615,-0.72
1567993502.208478,-0.72
1567993502.219185,-0.72
1567993502.229936,-0.72
1567993502.240781,-0.72
1567993502.251436,-0.72
1567993502.262162,-0.72
1567993502.272843,-0.72
1567993502.283573,-0.72
1567993502.294245,-0.72
1567993502.30497,-0.72
1567993502.31592,-0.72
1567993502.326922,-0.72
1567993502.337642,-0.72
1567993502.34836,-0.72
1567993502.359199,-0.72
1567993502.369969,-0.72
1567993502.380904,-0.72
1567993502.392342,-0.72
1567993502.403101,-0.72
1567993502.413836,-0.72
1567993502.424525,-0.72
1567993502.435422,-0.72
1567993502.446204,-0.72
1567993502.456972,-0.72
1567993502.467704,-0.72
1567993502.478372,-0.72
1567993502.488994,-0.72
1567993502.500007,-0.72
1567993502.510876,-0.72
1567993502.521529,-0.72
1567993502.532217,-0.72
1567993502.543009,-0.72
1567993502.553807,-0.72
1567993502.564734,-0.72
1567993502.575936,-0.72
1567993502.587164,-0.72
1567993502.59818,-0.72
1567993502.609105,-0.72
1567993502.619883,-0.72
1567993502.630871,-0.72
1567993502.641873,-0.72
1567993502.65281,-0.72
1567993502.663765,-0.72
1567993502.674983,-0.72
1567993502.686033,-0.72
1567993502.697391,-0.72
1567993502.708141,-0.72
1567993502.718872,-0.72
1567993502.729522,-0.72
1567993502.740179,-0.72
1567993502.751151,-0.72
1567993502.762009,-0.72
1567993502.772754,-0.72
1567993502.783454,-0.72
1567993502.79413,-0.72
1567993502.805732,-0.72
1567993502.816671,-0.72
1567993502.827419,-0.72
1567993502.838179,-0.72
1567993502.84903,-0.72
1567993502.860352,-0.72
1567993502.871717,-0.72
1567993502.882777,-0.72
1567993502.893886,-0.72
1567993502.9047,-0.72
1567993502.915488,-0.72
1567993502.926189,-0.72
1567993502.93734,-0.72
1567993502.948263,-0.72
1567993502.959532,-0.72
1567993502.970286,-0.72
1567993502.981179,-0.72
1567993502.991935,-0.72
1567993503.002646,-0.72
1567993503.013362,-0.72
1567993503.024088,-0.72
1567993503.034827,-0.72
1567993503.045507,-0.72
1567993503.056836,-0.72
1567993503.067608,-0.72
1567993503.078371,-0.72
1567993503.089069,-0.72
1567993503.099749,-0.72
1567993503.110853,-0.72
1567993503.121741,-0.72
1567993503.132539,-0.72
1567993503.143224,-0.72
1567993503.154215,-0.72
1567993503.164984,-0.72
1567993503.175912,-0.72
1567993503.186675,-0.72
1567993503.197491,-0.72
1567993503.208212,-0.72
1567993503.219018,-0.72
1567993503.22972,-0.72
1567993503.240395,-0.72
1567993503.251215,-0.72
1567993503.262202,-0.72
1567993503.273019,-0.72
1567993503.283767,-0.72
1567993503.294673,-0.72
1567993503.305395,-0.72
1567993503.316102,-0.72
1567993503.326836,-0.72
1567993503.337553,-0.72
1567993503.348176,-0.72
1567993503.358858,-0.72
1567993503.369615,-0.72
1567993503.381338,-0.72
1567993503.392391,-0.72
1567993503.403163,-0.72
1567993503.413837,-0.72
1567993503.42458,-0.72
1567993503.435351,-0.72
1567993503.446432,-0.72
1567993503.457175,-0.72
1567993503.468345,-0.72
1567993503.479405,-0.72
1567993503.490317,-0.72
1567993503.501251,-0.72
1567993503.512212,-0.72
1567993503.522916,-0.72
1567993503.53371,-0.72
1567993503.544439,-0.72
1567993503.555462,-0.72
1567993503.56615,-0.72
1567993503.576875,-0.72
1567993503.587595,-0.72
1567993503.598255,-0.72
1567993503.609011,-0.72
1567993503.620102,-0.72
1567993503.630974,-0.72
1567993503.642008,-0.72
1567993503.652802,-0.72
1567993503.663509,-0.72
1567993503.674421,-0.72
1567993503.685416,-0.72
1567993503.696197,-0.72
1567993503.7071,-0.72
1567993503.717868,-0.72
1567993503.728616,-0.72
1567993503.739371,-0.72
1567993503.750634,-0.72
1567993503.761333,-0.72
1567993503.771945,-0.72
1567993503.78263,-0.72
1567993503.793324,-0.72
1567993503.8041,-0.72
1567993503.815019,-0.72
1567993503.8258,-0.72
1567993503.836511,-0.72
1567993503.847264,-0.72
1567993503.858039,-0.72
1567993503.868824,-0.72
